"NPS","Comentario","Insight","Categoria"
"6","El asesor de banca privada tiene buenos conocimientos de mercados y fiscalidad. Las reuniones son productivas aunque a veces me parece que intenta vender productos de la propia gestora del banco antes que opciones de terceros. En general el asesoramiento es de calidad.","Buen asesoramiento en banca privada con posible sesgo hacia productos propios","Personal"
"4","La hipoteca variable me está destrozando con la subida del Euríbor. Cuando la contraté me explicaron muy poco los riesgos de la variabilidad. No me ofrecieron alternativa fija ni me informaron de la posibilidad de novación. Me siento desinformado en el momento más importante de mi vida financiera.","Falta de información sobre riesgo de hipoteca variable al momento de la contratación","Productos"
"3","El trato que recibí en la oficina fue condescendiente y poco profesional. El empleado me habló como si no entendiese nada de finanzas y respondió con impaciencia cuando pregunté. Me fui sintiéndome un cliente de segunda. Inaceptable en un banco que dice valorar a sus clientes.","Trato condescendiente e irrespetuoso por parte de empleado de sucursal","Personal"
"4","Los cajeros funcionan correctamente para las operaciones básicas. Sin embargo algunos modelos más antiguos tienen la pantalla muy deteriorada y es difícil leer. Para ingresar efectivo solo funcionan uno de los cuatro cajeros de mi oficina habitual. Podría mejorarse la inversión en mantenimiento.","Funcionamiento básico de cajeros con deterioro en equipos más antiguos","Canales"
"3","El tipo de interés del crédito al consumo es del 16% TAE para un cliente sin incidencias. La competencia ofrece la mitad. Cuando lo intenté negociar me dijeron que era tarifa fija sin excepciones. Para financiación de consumo este banco no es una opción válida.","Tipo de interés en crédito al consumo muy elevado sin posibilidad de negociación","Pricing"
"2","La cuenta de ahorro ofrece un 0.01% de interés anual. Con la inflación actual eso significa perder poder adquisitivo cada año. Hay opciones en el mercado que ofrecen 3% sin vinculación alguna. Mantener dinero aquí es claramente la peor decisión financiera posible para el ahorro.","Rentabilidad de cuenta ahorro muy por debajo de alternativas del mercado","Productos"
"10","El programa de puntos de la tarjeta es muy generoso: tres puntos por cada euro gastado y se pueden canjear por viajes, electrodomésticos o descuentos en compras. Ya he canjeado veinte mil puntos este año. Sin fecha de caducidad de los puntos. Un programa de fidelización bien diseñado.","Satisfacción con programa de puntos generoso y sin caducidad","Productos"
"10","Todas las comisiones del banco están perfectamente detalladas en un documento de tarifas fácil de encontrar en la web. Sin letra pequeña ni condiciones ocultas. Cuando pregunto me explican el coste exacto antes de hacer cualquier operación. Una transparencia en precios que se agradece.","Alta transparencia en comunicación de tarifas y precios antes de operar","Pricing"
"9","El préstamo personal se resolvió en menos de 48 horas desde la solicitud online. Las condiciones eran exactamente las del simulador. Sin seguros vinculados obligatorios y con posibilidad de amortización anticipada sin coste. Para una urgencia económica es la solución perfecta.","Préstamo personal aprobado en tiempo récord sin condiciones abusivas","Productos"
"8","Contraté un renting de coche a través del banco y el proceso fue muy sencillo. La cuota mensual incluye seguro, mantenimiento y cambio de neumáticos. Sin sorpresas ni costes adicionales. Para alguien que no quiere preocuparse por el coche es una solución cómoda y predecible.","Satisfacción con producto de renting de vehículo integrado con banco","Productos"
"4","Los cajeros funcionan correctamente para las operaciones básicas. Sin embargo algunos modelos más antiguos tienen la pantalla muy deteriorada y es difícil leer. Para ingresar efectivo solo funcionan uno de los cuatro cajeros de mi oficina habitual. Podría mejorarse la inversión en mantenimiento.","Funcionamiento básico de cajeros con deterioro en equipos más antiguos","Canales"
"2","El asesor me recomendó un fondo de inversión con un perfil de riesgo muy superior al mío sin advertirme. Cuando perdí dinero significativo me presentó el contrato que yo había firmado como única respuesta. Un asesoramiento irresponsable que incumple claramente la normativa MiFID.","Asesoramiento que incumple normativa MiFID al no ajustarse al perfil de riesgo del cliente","Personal"
"7","El pago con el móvil funciona en la mayoría de comercios pero he tenido algunos problemas en gasolineras y parking automáticos. El proceso de configuración inicial fue algo complejo. Una vez configurado es cómodo para el día a día aunque con margen de mejora en compatibilidad.","Pago por móvil funcional con problemas de compatibilidad en algunos terminales","Canales"
"9","Los fondos indexados que ofrece el banco tienen comisiones de gestión del 0.25% y réplica fiel al índice. Puedo invertir desde 50 euros mensuales de forma automatizada. Es una forma cómoda de acceder a los mercados globales sin gestión activa. Muy satisfecho con la oferta.","Satisfacción con oferta de fondos indexados de bajo coste","Productos"
"9","Cuando llamé con una incidencia urgente el agente me atendió en cuatro minutos y resolvió el problema sin derivarme a ningún otro departamento. Fue empático, claro y eficiente. Este tipo de atención telefónica es lo que marca la diferencia respecto a la competencia.","Agente telefónico empático y resolutivo sin derivaciones en incidencia urgente","Personal"
"3","El teléfono de atención al cliente tiene una espera media de cuarenta minutos. El menú de voz tiene tres niveles de opciones antes de poder hablar con alguien. Muchas veces me han cortado la llamada en la espera. Es el canal más frustrante de todos los que ofrece el banco.","Esperas excesivas y menú telefónico complejo que dificulta contacto con agente","Canales"
"8","La gama de ETFs disponibles es amplia: mercados desarrollados, emergentes, sectoriales y temáticos. Las comisiones de compraventa son de 0.1% sin mínimo por operación. Puedo operar directamente desde la app. Para un inversor pasivo es la mejor plataforma que he encontrado en banca tradicional.","Buena oferta de ETFs con comisiones competitivas y acceso desde app","Productos"
"1","La cola en la oficina era de más de una hora el martes por la mañana con solo dos empleados para atender a más de treinta personas. El sistema de cita previa falla y no deja reservar. Es un servicio completamente colapsado que no funciona.","Colapso total en atención presencial de la sucursal sin cita previa funcional","Canales"
"4","La tarjeta de crédito tiene una cuota anual de 120 euros y los beneficios no justifican ese coste. El cashback es del 0.5% y los seguros de viaje tienen tantas exclusiones que son prácticamente inútiles. Pago por una tarjeta que no me aporta valor real.","Cuota anual de tarjeta no compensada por los beneficios reales que ofrece","Pricing"
"4","La tarjeta de crédito tiene una cuota anual de 100 euros y los beneficios no justifican ese coste. El cashback es del 0.3% y los seguros de viaje tienen tantas exclusiones que son prácticamente inútiles. Pago por una tarjeta que no me aporta valor real.","Cuota anual de tarjeta no compensada por los beneficios reales que ofrece","Pricing"
"9","El depósito a plazo fijo al 3.5% TAE a dieciocho meses me ofrece certeza total sobre la rentabilidad. No hay letra pequeña, no hay vinculaciones, no hay condiciones. El importe mínimo es asequible y la renovación automática es opcional. Exactamente lo que espero de un producto de ahorro.","Satisfacción con transparencia y condiciones claras del depósito a plazo","Productos"
"9","Tuve una situación económica muy difícil y mi asesora me ayudó a reestructurar mis deudas sin juzgarme. Me propuso un plan realista y me fue acompañando durante todo el proceso. Gracias a su gestión pude superar una situación que parecía imposible. Le estaré siempre agradecido.","Asesora empática que gestionó reestructuración de deuda con éxito en momento difícil","Personal"
"1","El seguro de vida vinculado a la hipoteca tiene unas condiciones abusivas. Me cobran 120 euros al mes por una cobertura que apenas protege el 60% de la deuda. Cuando quise cancelarlo me dijeron que tenía penalización de dos años de primas. Me siento completamente atrapado.","Seguro de vida vinculado a hipoteca con condiciones abusivas y cancelación penalizada","Productos"
"5","El equipo comercial llama con demasiada frecuencia para ofrecer productos. En el último mes he recibido tres llamadas no solicitadas. Entiendo que hay objetivos comerciales pero la insistencia genera rechazo. Una política de contacto más moderada sería más efectiva.","Exceso de llamadas comerciales no solicitadas que genera rechazo en el cliente","Personal"
"10","El pago por móvil funciona en todos los comercios con terminal contactless. La autenticación es instantánea con huella dactilar. Ya no necesito llevar la cartera para compras del día a día. La experiencia de pago es más rápida que con tarjeta física. Un avance real en comodidad.","Pago por móvil completamente funcional que elimina necesidad de cartera física","Canales"
"8","La tarjeta de débito funciona perfectamente en sesenta países sin comisión. Tengo notificaciones instantáneas de cada pago, puedo bloquearla desde la app en segundos y gestionar el límite diario yo mismo. Es la tarjeta más completa que he tenido en todos mis años como cliente bancario.","Tarjeta débito internacional completa con control total desde app","Productos"
"3","Las alertas de seguridad están desactivadas por defecto y no es fácil encontrar cómo activarlas. Cuando tuve un cargo fraudulento me enteré días después al revisar el extracto. Un banco que apuesta por la seguridad debería tener estas alertas activadas por defecto.","Alertas de seguridad desactivadas por defecto con difícil configuración","Canales"
"7","La cita previa online se puede reservar a cualquier hora del día. En tres minutos tienes confirmación por email y SMS con todos los detalles. El día de la cita el tiempo de espera fue de menos de tres minutos. Un sistema que respeta el tiempo del cliente.","Sistema de cita previa digital eficiente con tiempos de espera mínimos","Canales"
"4","El interés de la hipoteca variable que me ofrecieron es Euríbor más 1.5%. Comparado con el mercado actual es bastante caro. Cuando pedí mejora me dijeron que dependía de la vinculación con productos que no necesito. La mejora del precio condiciona a contratar más productos.","Diferencial hipotecario variable caro condicionado a vinculación de productos no deseados","Pricing"
"1","Me prometieron un tipo fijo del 3.1% y al firmar era el 3.2%. Nadie me avisó del cambio. Cuando reclamé me dijeron que había sido un error administrativo y que ya no podían modificarlo. Firmé bajo presión porque ya tenía fecha de notaría. Me siento completamente engañado.","Modificación de tipo hipotecario sin previo aviso al momento de la firma","Productos"
"10","Tuve una situación económica muy difícil y mi asesora me ayudó a reestructurar mis deudas sin juzgarme. Me propuso un plan realista y me fue acompañando durante todo el proceso. Gracias a su gestión pude superar una situación que parecía imposible. Le estaré siempre agradecido.","Asesora empática que gestionó reestructuración de deuda con éxito en momento difícil","Personal"
"3","Los agentes del call center no tienen capacidad para tomar ninguna decisión autónoma. Todo lo derivan a la oficina o a otro departamento. Son incapaces de resolver nada por sí mismos. El canal telefónico existe pero no sirve para gestiones que requieran alguna resolución.","Agentes telefónicos sin autonomía para resolver incidencias de forma independiente","Personal"
"2","El proceso de solicitud de la hipoteca fue un desastre total. Me pidieron la misma documentación tres veces porque la perdían. Tardaron siete meses en darme respuesta. Cuando por fin aprobaron la hipoteca habían cambiado las condiciones iniciales. Perdí la reserva del piso por su ineficiencia.","Proceso hipotecario caótico con cambio de condiciones y documentación perdida","Productos"
"8","Cuando llamé con una incidencia urgente me atendieron en menos de cinco minutos. El agente fue directo y resolutivo. Solucionó el problema en la misma llamada sin derivarme a otro departamento. Una atención telefónica que raramente encuentro en otros bancos.","Atención telefónica rápida y resolutiva sin transferencias innecesarias","Canales"
"7","La cuenta sin comisiones tiene condiciones de vinculación alcanzables: nómina superior a 500 euros o dos recibos domiciliados. No te exigen ser un gran cliente para acceder a las ventajas. Es una propuesta justa que permite a cualquier cliente evitar las comisiones.","Condiciones de exención de comisiones alcanzables para el cliente medio","Pricing"
"10","Este banco no cobra comisión de ningún tipo: ni por mantenimiento de cuenta, ni por transferencias nacionales, ni por usar cajeros propios o de otras entidades. Todo incluido sin condiciones ocultas. No esperaba encontrar un banco sin comisiones con tan buen servicio integral.","Cero comisiones en todos los servicios sin condiciones ocultas","Pricing"
"8","La cita previa online se puede reservar a cualquier hora del día. En dos minutos tienes confirmación por email y SMS con todos los detalles. El día de la cita el tiempo de espera fue de menos de cinco minutos. Un sistema que respeta el tiempo del cliente.","Sistema de cita previa digital eficiente con tiempos de espera mínimos","Canales"
"9","La cuenta nómina no tiene comisión de mantenimiento con solo domiciliar la nómina. Una condición muy sencilla que me da acceso a tarjeta de débito gratuita y transferencias sin coste. La mejor relación precio-valor que he encontrado en la banca tradicional.","Cuenta nómina sin comisión con condición de domiciliación sencilla y alcanzable","Pricing"
"3","El plan de pensiones que me vendieron tiene unas comisiones de gestión del 1.5% anual. Con esa carga es casi imposible obtener rentabilidad real. Además solo tienen cuatro perfiles de inversión sin posibilidad de personalización. La oferta de planes del banco es claramente mejorable.","Comisiones altas y escasa variedad en plan de pensiones del banco","Productos"
"10","La app móvil es increíblemente rápida e intuitiva. En menos de cuarenta segundos puedo hacer cualquier gestión: transferencias, inversiones, consultar movimientos o hablar con mi gestor. El diseño es moderno y nunca se cuelga. Es la mejor aplicación bancaria que he usado.","Excelente experiencia de uso de la app móvil en velocidad y diseño","Canales"
"9","Todas las comisiones del banco están perfectamente detalladas en un documento de tarifas fácil de encontrar en la web. Sin letra pequeña ni condiciones ocultas. Cuando pregunto me explican el coste exacto antes de hacer cualquier operación. Una transparencia en precios que se agradece.","Alta transparencia en comunicación de tarifas y precios antes de operar","Pricing"
"3","La cuenta de ahorro da un 0.02% de interés anual. Con la inflación actual es perder dinero en términos reales. Hay alternativas en el mercado que ofrecen 2.5% sin condiciones. Mantener aquí el ahorro es la peor decisión financiera posible.","Rentabilidad de cuenta ahorro por debajo de inflación y de alternativas del mercado","Pricing"
"8","El asesor de banca privada tiene buenos conocimientos de mercados y fiscalidad. Las reuniones son productivas aunque a veces me parece que intenta vender productos de la propia gestora del banco antes que opciones de terceros. En general el asesoramiento es de calidad.","Buen asesoramiento en banca privada con posible sesgo hacia productos propios","Personal"
"10","La cuenta de ahorro da un 4% TAE sin vinculaciones obligatorias ni plazos mínimos. El dinero está disponible en cualquier momento. Con la inflación controlándose es una buena opción para el ahorro a corto plazo. El mejor tipo que he encontrado en banca tradicional.","Cuenta ahorro con tipo competitivo y disponibilidad inmediata sin condiciones","Pricing"
"8","La cuenta sin comisiones tiene condiciones de vinculación alcanzables: nómina superior a 500 euros o tres recibos domiciliados. No te exigen ser un gran cliente para acceder a las ventajas. Es una propuesta justa que permite a cualquier cliente evitar las comisiones.","Condiciones de exención de comisiones alcanzables para el cliente medio","Pricing"
"8","La cuenta empresarial me permite gestionar cobros, pagos a proveedores y nóminas todo desde la misma plataforma. Las transferencias nacionales son inmediatas. El 25% de descuento en el TPV es un ahorro real. Para mi pequeño negocio es la solución ideal.","Satisfacción con funcionalidades de cuenta empresarial para pequeño negocio","Productos"
"9","Mi gestora conoce perfectamente mi situación financiera, mis objetivos y mis aversiones al riesgo. Nunca me ha propuesto un producto que no se ajuste a mi perfil. Sus recomendaciones han sido siempre acertadas. Es exactamente el tipo de asesoramiento que espero de un banco de confianza.","Asesora con conocimiento profundo del perfil y objetivos del cliente","Personal"
"2","El depósito a plazo que contraté al 3% al vencimiento había aplicado el interés sobre el saldo neto de comisiones de cuenta. La rentabilidad real fue del 3.1%. Una forma opaca de reducir el tipo efectivo que no se explica en la publicidad del producto.","Rentabilidad real del depósito reducida por comisiones de cuenta no comunicadas","Pricing"
"8","La oficina está bien ubicada en el centro con aparcamiento cercano. Los jueves tienen horario de tarde hasta las 18:30, lo cual es muy útil si trabajas. La sala de espera es cómoda. Podría mejorar el tiempo medio de espera pero en general es accesible.","Buena accesibilidad y ubicación de sucursal con horario de tarde","Canales"
"8","Las notificaciones push de cada pago con tarjeta son instantáneas y muy claras. Me ayudan a detectar cualquier cargo inesperado de forma inmediata. Gracias a esto detecté un cargo fraudulento en menos de cinco minutos y pude bloquearlo desde la misma notificación.","Notificaciones instantáneas de pagos útiles para detección de fraude","Canales"
"4","Mi tarjeta de crédito tiene un límite de 500 euros que no me suben desde hace tres años aunque lo solicito cada seis meses. Con ese límite no puedo hacer reservas de hotel ni alquilar coches en el extranjero. Es un producto completamente inútil para mis necesidades actuales.","Límite de crédito insuficiente sin posibilidad de ampliación tras múltiples solicitudes","Productos"
"8","Por tener la nómina y los recibos domiciliados recibo una bonificación de 150 euros al año. La condición es fácil de cumplir y la bonificación llega puntualmente cada año. Una forma honesta y simple de premiar la vinculación del cliente.","Bonificación por vinculación sencilla que el banco aplica con puntualidad","Pricing"
"8","El programa de puntos de la tarjeta es muy generoso: tres puntos por cada euro gastado y se pueden canjear por viajes, electrodomésticos o descuentos en compras. Ya he canjeado veinte mil puntos este año. Sin fecha de caducidad de los puntos. Un programa de fidelización bien diseñado.","Satisfacción con programa de puntos generoso y sin caducidad","Productos"
"3","El horario del servicio telefónico es de 8:00 a 21:00. Si tienes una urgencia fuera de ese horario no puedes contactar con nadie. Para bloquear una tarjeta o reportar un fraude en fin de semana hay un número de emergencias pero no sirve para nada más. Muy limitado.","Horario de atención telefónica limitado sin cobertura para urgencias generales","Canales"
"7","La cita previa online se puede reservar a cualquier hora del día. En dos minutos tienes confirmación por email y SMS con todos los detalles. El día de la cita el tiempo de espera fue de menos de dos minutos. Un sistema que respeta el tiempo del cliente.","Sistema de cita previa digital eficiente con tiempos de espera mínimos","Canales"
"10","Tuve una situación económica muy difícil y mi asesora me ayudó a reestructurar mis deudas sin juzgarme. Me propuso un plan realista y me fue acompañando durante todo el proceso. Gracias a su gestión pude superar una situación que parecía imposible. Le estaré siempre agradecido.","Asesora empática que gestionó reestructuración de deuda con éxito en momento difícil","Personal"
"9","El pago por móvil funciona en todos los comercios con terminal contactless. La autenticación es instantánea con huella dactilar. Ya no necesito llevar la cartera para compras del día a día. La experiencia de pago es más rápida que con tarjeta física. Un avance real en comodidad.","Pago por móvil completamente funcional que elimina necesidad de cartera física","Canales"
"3","Contraté un depósito a plazo al 2.5% TAE y al vencimiento el interés aplicado fue diferente. Cuando reclamé me mostraron una cláusula en un anexo de cuarenta páginas que reducía el tipo en determinadas condiciones. Me siento estafado con un producto que debería ser el más sencillo del mundo.","Condiciones reales del depósito a plazo distintas a las ofertadas inicialmente","Productos"
"10","Cuando presenté una reclamación formal me llamaron en menos de 24 horas para darme respuesta. La persona fue empática y resolvió el problema de forma justa devolviendo el importe en el acto. Una gestión de reclamaciones que genera confianza y fidelidad.","Resolución rápida y justa de reclamación con devolución inmediata","Personal"
"3","La tarjeta de crédito tiene una cuota anual de 80 euros y los beneficios no justifican ese coste. El cashback es del 0.2% y los seguros de viaje tienen tantas exclusiones que son prácticamente inútiles. Pago por una tarjeta que no me aporta valor real.","Cuota anual de tarjeta no compensada por los beneficios reales que ofrece","Pricing"
"3","Contraté un depósito a plazo al 4% TAE y al vencimiento el interés aplicado fue diferente. Cuando reclamé me mostraron una cláusula en un anexo de cuarenta páginas que reducía el tipo en determinadas condiciones. Me siento estafado con un producto que debería ser el más sencillo del mundo.","Condiciones reales del depósito a plazo distintas a las ofertadas inicialmente","Productos"
"6","El pago con el móvil funciona en la mayoría de comercios pero he tenido algunos problemas en gasolineras y parking automáticos. El proceso de configuración inicial fue algo complejo. Una vez configurado es cómodo para el día a día aunque con margen de mejora en compatibilidad.","Pago por móvil funcional con problemas de compatibilidad en algunos terminales","Canales"
"2","El tipo de interés del crédito al consumo que me ofrecieron era del 17% TAE. Para un cliente de ocho años sin incidencias es incomprensible. La competencia me ofreció la mitad. Cuando intenté negociarlo me dijeron que era la tarifa fija para todos. Sin margen de maniobra.","Tipo de interés en crédito al consumo elevado e innegociable","Productos"
"9","Los fondos indexados que ofrece el banco tienen comisiones de gestión del 0.1% y réplica fiel al índice. Puedo invertir desde 50 euros mensuales de forma automatizada. Es una forma cómoda de acceder a los mercados globales sin gestión activa. Muy satisfecho con la oferta.","Satisfacción con oferta de fondos indexados de bajo coste","Productos"
"7","El tipo de interés de la hipoteca variable es Euríbor más 0.5%. Un diferencial muy competitivo. Además puedo hacer novación a tipo fijo sin coste en cualquier momento. Esta flexibilidad en el precio de la hipoteca me parece un valor diferencial importante.","Diferencial hipotecario competitivo con opción de novación a fijo sin coste","Pricing"
"4","Mi tarjeta de crédito tiene un límite de 1.000 euros que no me suben desde hace tres años aunque lo solicito cada seis meses. Con ese límite no puedo hacer reservas de hotel ni alquilar coches en el extranjero. Es un producto completamente inútil para mis necesidades actuales.","Límite de crédito insuficiente sin posibilidad de ampliación tras múltiples solicitudes","Productos"
"2","Me acaban de cobrar 4 euros por recibir una transferencia desde el extranjero. Esta comisión no aparece en el resumen de tarifas principal sino en un anexo de cincuenta páginas. Esta opacidad en los precios parece diseñada para que el cliente no se entere hasta que ya es tarde.","Comisión por transferencia recibida oculta en documentación extensa y difícil de encontrar","Pricing"
"1","El asesor comercial me presionó para contratar un producto de inversión que no necesitaba sin explicarme los riesgos. Fue evasivo con mis preguntas. Meses después el producto acumulaba pérdidas significativas. Cuando reclamé me dijo que yo había firmado el contrato. Una mala praxis comercial inaceptable.","Venta agresiva de producto inadecuado sin transparencia sobre riesgos reales","Personal"
"8","El precio del seguro de coche que contraté a través del banco es quince% más barato que la renovación que me daba mi aseguradora anterior. La cobertura es equivalente o mejor. Con la comodidad de tenerlo domiciliado en la misma cuenta. Una compra claramente ganadora en precio.","Seguro de coche más económico que alternativa previa con cobertura equivalente","Pricing"
"9","La tarjeta de crédito no tiene cuota anual y tampoco cobra por operaciones en moneda extranjera. En mis seis viajes de este año no he pagado un solo euro en comisiones por cambio de divisa. Para alguien que viaja habitualmente es una tarjeta con un precio imbatible.","Tarjeta sin comisión anual ni por divisa ideal para clientes viajeros frecuentes","Pricing"
"2","El depósito a plazo que contraté al 3% al vencimiento había aplicado el interés sobre el saldo neto de comisiones de cuenta. La rentabilidad real fue del 2.5%. Una forma opaca de reducir el tipo efectivo que no se explica en la publicidad del producto.","Rentabilidad real del depósito reducida por comisiones de cuenta no comunicadas","Pricing"
"7","El Bizum funciona bien para pagos básicos entre contactos. El límite de 500 euros por operación cubre la mayoría de mis necesidades. Solo echo de menos poder programar Bizums recurrentes para pagos fijos mensuales. En general una funcionalidad bien integrada.","Satisfacción con Bizum con sugerencia de mejora para pagos recurrentes","Canales"
"9","Sin cajeros del propio banco en el extranjero puedo sacar efectivo en cualquier cajero de Europa sin comisión gracias a mi tarjeta. En ocho países diferentes nunca he pagado nada extra. Para un viajero frecuente es un beneficio en precios que marca la diferencia.","Sin comisión por retirada en cajeros europeos para clientes viajeros","Pricing"
"8","El director de la oficina intervino personalmente para resolver una incidencia compleja que otros empleados no habían podido solucionar. Fue directo, eficiente y empático. En menos de quince minutos el problema estaba resuelto. Un directivo que lidera con el ejemplo.","Director de oficina que interviene eficazmente para resolver incidencias complejas","Personal"
"1","La cola en la oficina era de más de una hora el martes por la mañana con solo dos empleados para atender a más de veinte personas. El sistema de cita previa falla y no deja reservar. Es un servicio completamente colapsado que no funciona.","Colapso total en atención presencial de la sucursal sin cita previa funcional","Canales"
"2","Mi reclamación formal lleva tres meses sin resolución. Me han llamado dos veces para pedirme más información que ya había enviado. Cada llamada es de una persona diferente que no conoce el caso. El proceso de reclamaciones parece diseñado para que el cliente se rinda.","Proceso de reclamación prolongado con falta de coordinación interna y seguimiento","Personal"
"3","El plan de pensiones que me vendieron tiene unas comisiones de gestión del 2.2% anual. Con esa carga es casi imposible obtener rentabilidad real. Además solo tienen dos perfiles de inversión sin posibilidad de personalización. La oferta de planes del banco es claramente mejorable.","Comisiones altas y escasa variedad en plan de pensiones del banco","Productos"
"10","El director de la oficina intervino personalmente para resolver una incidencia compleja que otros empleados no habían podido solucionar. Fue directo, eficiente y empático. En menos de veinte minutos el problema estaba resuelto. Un directivo que lidera con el ejemplo.","Director de oficina que interviene eficazmente para resolver incidencias complejas","Personal"
"1","Al intentar hacer una transferencia urgente de 3.000 euros la plataforma online me la bloqueó sin explicación. Tardé dos días en desbloquearla. Tuve que ir a la oficina con documentación. La incidencia me generó problemas graves con el receptor del pago. Inaceptable.","Bloqueo injustificado de transferencia urgente con proceso de desbloqueo presencial","Canales"
"9","Cuando comparé hipotecas en el mercado este banco tenía el tipo fijo más bajo: un 2.9% frente a la media del 3.2% del sector. A veinte años de hipoteca la diferencia es de decenas de miles de euros. Una ventaja competitiva en precio que marca la elección.","Tipo fijo hipotecario más competitivo del mercado con ahorro objetivamente calculable","Pricing"
"2","La app me bloqueó la cuenta sin motivo aparente justo antes de un viaje importante. No pude operar durante dos días. El proceso de desbloqueo requirió ir a la oficina con documentación original. Nadie me explicó por qué se bloqueó. Un sistema de seguridad que penaliza al cliente legítimo.","Bloqueo injustificado de cuenta por la app en momento crítico sin explicación","Canales"
"8","Pedir cita previa online es muy sencillo: en menos de tres minutos tienes confirmación y un recordatorio por SMS el día anterior. El día de la cita no tuve que esperar nada. La digitalización del proceso presencial está muy bien implementada.","Sistema de cita previa online ágil y efectivo sin esperas","Canales"
"5","Los empleados de ventanilla son amables y el ambiente es tranquilo. Sin embargo las colas son largas y los procesos lentos. Para operaciones sencillas como ingresar un cheque tardé más de veinticinco minutos. El trato es bueno pero la eficiencia operativa es mejorable.","Buen trato en ventanilla pero procesos lentos con colas largas","Personal"
"3","La oficina solo abre de lunes a viernes de 9:00 a 14:00. Para alguien que trabaja en esas horas es imposible ir. No tienen horario de tarde ni sábados. La única alternativa es pedir cita con semanas de antelación. El banco no se ha adaptado a los horarios reales de la vida laboral.","Horario de sucursal incompatible con jornada laboral sin alternativa de tarde o sábado","Canales"
"9","El plan de pensiones permite aportaciones desde 50 euros al mes y puedo aumentarlas o reducirlas cuando quiero. La variedad de perfiles de inversión es amplia. Los informes periódicos son claros y detallados. Para la jubilación es la opción más completa que he encontrado.","Satisfacción con flexibilidad y transparencia en plan de pensiones","Productos"
"10","Tuve una situación económica muy difícil y mi asesora me ayudó a reestructurar mis deudas sin juzgarme. Me propuso un plan realista y me fue acompañando durante todo el proceso. Gracias a su gestión pude superar una situación que parecía imposible. Le estaré siempre agradecido.","Asesora empática que gestionó reestructuración de deuda con éxito en momento difícil","Personal"
"4","La web no está adaptada para móvil. Los botones son minúsculos y se superponen unos sobre otros. Los PDFs de los extractos no se abren desde el navegador del móvil. Si no tengo ordenador cerca es prácticamente imposible hacer ciertas gestiones.","Web bancaria no adaptada para uso en dispositivos móviles","Canales"
"1","El asesor comercial me presionó para contratar un producto de inversión que no necesitaba sin explicarme los riesgos. Fue evasivo con mis preguntas. Meses después el producto acumulaba pérdidas significativas. Cuando reclamé me dijo que yo había firmado el contrato. Una mala praxis comercial inaceptable.","Venta agresiva de producto inadecuado sin transparencia sobre riesgos reales","Personal"
"1","Las comisiones de custodia de mi cartera de valores superan el 0.8% anual del patrimonio gestionado. Además cobran por cada operación de compraventa. Sumando todo, el banco se lleva más que los propios rendimientos del portfolio. Un coste completamente injustificado.","Comisiones de custodia de valores que superan los rendimientos del portfolio","Pricing"
"8","El tipo de interés de la hipoteca variable es Euríbor más 0.4%. Un diferencial muy competitivo. Además puedo hacer novación a tipo fijo sin coste en cualquier momento. Esta flexibilidad en el precio de la hipoteca me parece un valor diferencial importante.","Diferencial hipotecario competitivo con opción de novación a fijo sin coste","Pricing"
"8","El seguro de hogar del banco tiene una cobertura excelente: daños por agua, robo, responsabilidad civil y asistencia 24 horas. El precio es competitivo. Cuando tuve una fuga de agua me enviaron un técnico en menos de dos horas y cubrieron todos los gastos sin discusión.","Satisfacción con cobertura y rapidez de respuesta del seguro de hogar","Productos"
"8","Por domiciliar cinco recibos en la cuenta me eliminaron todas las comisiones y me redujeron el diferencial de la hipoteca en quince puntos básicos. El ahorro anual real es de más de 1.000 euros. Las condiciones de vinculación son alcanzables y los beneficios son tangibles.","Ahorro significativo por vinculación con condiciones de domiciliación alcanzables","Pricing"
"3","La cuenta nómina que me ofrecieron tiene tantas condiciones de vinculación que es imposible cumplirlas todas: nómina mínima de 2.000 euros, tres recibos domiciliados, tarjeta de crédito activa y seguro contratado. Si no cumples todo te cobran comisión. Es una trampa para cobrar comisiones camuflada.","Condiciones de exención en cuenta nómina imposibles de cumplir para la mayoría","Productos"
"6","La tarjeta débito contactless funciona en todos los comercios y en el transporte público. Las notificaciones son instantáneas y me ayudan a controlar el gasto diario. El único punto de mejora sería poder generar números de tarjeta virtuales para compras online.","Satisfacción con tarjeta débito contactless con sugerencia de mejora","Productos"
"8","La empleada de ventanilla que me atendió fue muy amable y eficiente. Resolvió mi consulta en ocho minutos, me explicó todas las opciones disponibles y me ayudó a elegir la mejor. Una atención presencial que supera las expectativas.","Atención eficiente y amable en ventanilla con buena orientación al cliente","Personal"
"3","El asesor me recomendó un fondo de inversión con un perfil de riesgo muy superior al mío sin advertirme. Cuando perdí dinero significativo me presentó el contrato que yo había firmado como única respuesta. Un asesoramiento irresponsable que incumple claramente la normativa MiFID.","Asesoramiento que incumple normativa MiFID al no ajustarse al perfil de riesgo del cliente","Personal"
"8","La posibilidad de hacer videollamadas con mi gestor desde casa es muy cómoda. La calidad de imagen y sonido es buena. Puedo firmar documentos digitalmente durante la llamada. Me ahorra desplazamientos para gestiones importantes. Es una funcionalidad que debería ser estándar en todos los bancos.","Satisfacción con videollamada con gestor para firma digital de documentos","Canales"
"10","La cuenta nómina no tiene ninguna comisión con solo domiciliar la nómina. Incluye seguro de accidentes, descuento del 0.15% en la hipoteca y tarjeta sin cuota anual. El conjunto de beneficios supera con creces lo que me cobrarían en otros bancos por servicios equivalentes.","Cuenta nómina con amplio paquete de beneficios por vinculación","Productos"
"8","El seguro de vida que contraté de forma independiente tiene buena cobertura: capital asegurado de 300.000 euros, invalidez incluida y prima razonable. No tuve que vincularlo a ningún producto. Lo recomendaría como protección básica para una familia con hipoteca.","Satisfacción con seguro de vida contratado sin vinculaciones obligatorias","Productos"
"9","La tarjeta de crédito no tiene cuota anual y tampoco cobra por operaciones en moneda extranjera. En mis cinco viajes de este año no he pagado un solo euro en comisiones por cambio de divisa. Para alguien que viaja habitualmente es una tarjeta con un precio imbatible.","Tarjeta sin comisión anual ni por divisa ideal para clientes viajeros frecuentes","Pricing"
"10","El plan de pensiones supera todas mis expectativas. La rentabilidad anual ha sido superior al 10% en los últimos tres años. Puedo cambiar el perfil de riesgo sin penalización y las comisiones de gestión son de las más bajas del sector. El mejor producto de ahorro a largo plazo que conozco.","Alta rentabilidad y bajas comisiones en plan de pensiones","Productos"
"8","La cuenta nómina tiene condiciones muy buenas: sin comisiones, transferencias gratuitas y descuentos en seguros. Tardé veinte minutos en abrirla completamente online. El único punto negativo es que el seguro de accidentes tiene una cobertura algo limitada pero en general es un excelente producto.","Satisfacción con cuenta nómina digital con proceso de apertura ágil","Productos"
"9","La tarjeta de débito funciona perfectamente en cuarenta países sin comisión. Tengo notificaciones instantáneas de cada pago, puedo bloquearla desde la app en segundos y gestionar el límite diario yo mismo. Es la tarjeta más completa que he tenido en todos mis años como cliente bancario.","Tarjeta débito internacional completa con control total desde app","Productos"
"8","La cuenta nómina no tiene comisión de mantenimiento con solo domiciliar la nómina. Una condición muy sencilla que me da acceso a tarjeta de débito gratuita y transferencias sin coste. La mejor relación precio-valor que he encontrado en la banca tradicional.","Cuenta nómina sin comisión con condición de domiciliación sencilla y alcanzable","Pricing"
"3","El asesor me recomendó un fondo de inversión con un perfil de riesgo muy superior al mío sin advertirme. Cuando perdí dinero significativo me presentó el contrato que yo había firmado como única respuesta. Un asesoramiento irresponsable que incumple claramente la normativa MiFID.","Asesoramiento que incumple normativa MiFID al no ajustarse al perfil de riesgo del cliente","Personal"
"8","Todos mis contratos, extractos y certificados están disponibles de forma digital en la app. Puedo descargar cualquier documento de los últimos siete años en PDF. Nunca necesito llamar para pedir documentación. Esto ahorra mucho tiempo y papel. La digitalización documental es sobresaliente.","Archivo documental digital completo y accesible desde la app","Canales"
"5","El horario del servicio telefónico es de 9:00 a 21:00. Si tienes una urgencia fuera de ese horario no puedes contactar con nadie. Para bloquear una tarjeta o reportar un fraude en fin de semana hay un número de emergencias pero no sirve para nada más. Muy limitado.","Horario de atención telefónica limitado sin cobertura para urgencias generales","Canales"
"3","Los empleados de la oficina no están actualizados sobre los productos digitales del banco. Cuando pregunté por una funcionalidad de la app me dieron información que llevaba meses obsoleta. Si ellos no saben cómo funcionan sus propios productos, ¿cómo van a asesorar a los clientes?","Personal no actualizado sobre productos y funcionalidades digitales del propio banco","Personal"
"4","En los últimos dos años he tenido cinco gestores diferentes asignados. Cada cambio implica explicar toda mi situación desde cero porque nadie traspasa correctamente el histórico. Esta rotación constante hace imposible construir una relación bancaria de confianza.","Alta rotación de gestores que impide continuidad y relación de confianza","Personal"
"4","El seguro de hogar tiene un sinfín de exclusiones que no me explicaron al contratarlo. Cuando intenté reclamar por una inundación me denegaron la cobertura por un tecnicismo. Además el precio sube cada año un 15% sin mejora aparente en las condiciones. Completamente decepcionante.","Exclusiones ocultas en seguro de hogar y aumento de precio sin mejora","Productos"
"2","El director de la oficina fue muy brusco cuando presenté una reclamación formal. Me interrumpió varias veces y minimizó mi problema. Al final me remitió a enviar un email sin resolver nada. Me fui de la oficina sintiéndome humillado y sin solución.","Trato irrespetuoso del director de oficina ante reclamación formal del cliente","Personal"
"7","El chatbot resuelve perfectamente las consultas habituales: saldo, últimos movimientos, bloqueo de tarjeta o estado de una transferencia. Cuando no puede resolver algo deriva a un agente humano de forma fluida. Está disponible las 24 horas y eso tiene mucho valor.","Chatbot funcional para gestiones habituales con derivación fluida a agente","Canales"
"4","Cuando mi madre mayor fue a la oficina a hacer una gestión sencilla el empleado le habló muy rápido con jerga financiera que ella no entendía. Nadie tuvo la paciencia de explicarle las cosas despacio. El banco necesita formación en atención a clientes mayores.","Falta de adaptación en la atención a clientes mayores con menor alfabetización financiera","Personal"
"9","Contraté la hipoteca verde porque la vivienda tiene certificado energético A y me aplicaron un diferencial veinte puntos básicos menor. El ahorro a largo plazo es considerable. Además, el banco planta un árbol por cada hipoteca verde contratada. Un producto bien diseñado con impacto real.","Satisfacción con hipoteca verde y beneficio por eficiencia energética","Productos"
"5","Las videollamadas con el banco están disponibles pero hay que reservarlas con tres días de antelación mínimo. La imagen es buena pero el audio falla a veces. Para gestiones urgentes no es una opción viable. Como complemento al canal presencial cumple pero podría ser más ágil.","Videoconferencia disponible pero con limitaciones de disponibilidad y audio","Canales"
"6","El pago con el móvil funciona en la mayoría de comercios pero he tenido algunos problemas en gasolineras y parking automáticos. El proceso de configuración inicial fue algo complejo. Una vez configurado es cómodo para el día a día aunque con margen de mejora en compatibilidad.","Pago por móvil funcional con problemas de compatibilidad en algunos terminales","Canales"
"4","Cada vez que voy a la oficina o llamo me atiende una persona diferente y nadie conoce mi historial. Tengo que repetir siempre la misma información desde cero. Esta descoordinación interna hace la relación con el banco completamente impersonal y frustrante.","Descoordinación interna que obliga al cliente a repetir información en cada contacto","Personal"
"1","Al intentar hacer una transferencia urgente de 1.500 euros la plataforma online me la bloqueó sin explicación. Tardé dos días en desbloquearla. Tuve que ir a la oficina con documentación. La incidencia me generó problemas graves con el receptor del pago. Inaceptable.","Bloqueo injustificado de transferencia urgente con proceso de desbloqueo presencial","Canales"
"9","La función de presupuestador de la app clasifica automáticamente mis gastos en categorías y me muestra gráficos semanales y mensuales. Me ha ayudado a detectar gastos recurrentes que no recordaba tener. Es una herramienta de finanzas personales muy completa integrada en el banco.","Presupuestador automático en app útil para control de gastos personales","Canales"
"2","La oficina solo abre de lunes a viernes de 8:30 a 14:00. Para alguien que trabaja en esas horas es imposible ir. No tienen horario de tarde ni sábados. La única alternativa es pedir cita con semanas de antelación. El banco no se ha adaptado a los horarios reales de la vida laboral.","Horario de sucursal incompatible con jornada laboral sin alternativa de tarde o sábado","Canales"
"9","La línea de crédito para mi empresa es muy flexible: solo pago intereses sobre el importe que uso, no sobre el total disponible. Puedo disponer y devolver cuando quiero. El tipo es competitivo para el mercado actual. Es el producto de financiación más útil que tengo contratado.","Satisfacción con flexibilidad y coste de línea de crédito empresarial","Productos"
"7","El tipo de interés de la hipoteca es aceptable aunque no el más bajo del mercado. Lo compensan con menos comisiones de apertura y más flexibilidad en amortizaciones. En el coste total de la hipoteca a largo plazo acaba siendo una opción competitiva si se considera todo.","Tipo hipotecario compensado por menor coste en comisiones y mayor flexibilidad","Pricing"
"10","El depósito a plazo fijo al 4% TAE a veinticuatro meses me ofrece certeza total sobre la rentabilidad. No hay letra pequeña, no hay vinculaciones, no hay condiciones. El importe mínimo es asequible y la renovación automática es opcional. Exactamente lo que espero de un producto de ahorro.","Satisfacción con transparencia y condiciones claras del depósito a plazo","Productos"
"3","Las comisiones de gestión del fondo de inversión activo que contraté superan el 2.2% anual. Con esa carga el fondo debe batir al mercado solo para empatar. En la práctica raramente lo consigue. Estoy pagando mucho por un rendimiento que podría obtener gratis con un indexado.","Comisiones de fondo activo que anulan cualquier posibilidad de rendimiento superior","Pricing"
"9","Cuando llamé con una incidencia urgente el agente me atendió en cinco minutos y resolvió el problema sin derivarme a ningún otro departamento. Fue empático, claro y eficiente. Este tipo de atención telefónica es lo que marca la diferencia respecto a la competencia.","Agente telefónico empático y resolutivo sin derivaciones en incidencia urgente","Personal"
"8","El precio del seguro de coche que contraté a través del banco es quince% más barato que la renovación que me daba mi aseguradora anterior. La cobertura es equivalente o mejor. Con la comodidad de tenerlo domiciliado en la misma cuenta. Una compra claramente ganadora en precio.","Seguro de coche más económico que alternativa previa con cobertura equivalente","Pricing"
"3","El empleado de ventanilla que me atendió tenía poca formación sobre los productos digitales del banco. Me dio información incorrecta sobre una funcionalidad de la app. Si los empleados presenciales no conocen sus propios productos, ¿cómo pueden asesorar a los clientes?","Empleado de ventanilla con conocimiento insuficiente sobre productos digitales del banco","Personal"
"2","El agente telefónico que me atendió cuando denuncié un cargo fraudulento no supo cómo gestionar la incidencia. Me transfirió tres veces a distintos departamentos. Ninguno tomó medidas. Tardé diez días en recuperar el dinero. La gestión telefónica del fraude es deficiente.","Gestión deficiente de fraude por agentes sin capacitación ni coordinación","Personal"
"7","El precio del seguro de hogar es razonable para la cobertura que ofrece. He comparado con cinco aseguradoras y el banco está en la media del mercado pero con la ventaja de tenerlo todo centralizado. Sin vinculaciones obligatorias. Una opción equilibrada en precio.","Precio de seguro de hogar competitivo con ventaja de centralización sin vinculaciones","Pricing"
"9","Por tener la nómina y los recibos domiciliados recibo una bonificación de 150 euros al año. La condición es fácil de cumplir y la bonificación llega puntualmente cada año. Una forma honesta y simple de premiar la vinculación del cliente.","Bonificación por vinculación sencilla que el banco aplica con puntualidad","Pricing"
"10","El servicio de banca privada es excepcional. Mi asesor dedica tiempo real a conocer mis objetivos y personales. Las reuniones de seguimiento son frecuentes y productivas. Me siento completamente acompañado en cada decisión financiera importante. Justifica ampliamente lo que cuesta.","Excelente servicio de banca privada con asesoramiento personalizado profundo","Personal"
"1","Me notificaron por carta que subían las comisiones de mantenimiento un 30% con solo quince días de preaviso. Sin posibilidad de negociación. Un cambio unilateral de condiciones que vulnera la confianza del cliente y me obliga a buscar alternativas urgentemente.","Subida unilateral de comisiones con preaviso mínimo sin posibilidad de negociación","Pricing"
"8","Pedí un préstamo personal de 12.000 euros para reformar la cocina y el proceso fue completamente digital. En veinte minutos tuve la aprobación y el dinero en cuenta al día siguiente. El tipo fue competitivo y sin letra pequeña. Muy satisfecho con la agilidad y transparencia.","Proceso digital ágil y transparente en préstamo personal para reforma","Productos"
"9","El servicio de banca privada es excepcional. Mi asesor dedica tiempo real a conocer mis objetivos y personales. Las reuniones de seguimiento son frecuentes y productivas. Me siento completamente acompañado en cada decisión financiera importante. Justifica ampliamente lo que cuesta.","Excelente servicio de banca privada con asesoramiento personalizado profundo","Personal"
"2","El tipo de interés del préstamo personal que me ofrecieron era del 19% TAE. Para un cliente con buen historial crediticio es completamente injustificado. Otros bancos online me ofrecían la mitad. Cuando intenté negociarlo me dijeron que era la tarifa estándar sin excepciones.","Tipo de interés del préstamo personal no competitivo ni negociable","Productos"
"8","Las alertas de seguridad me notifican de inmediato ante cualquier intento de acceso inusual. Puedo bloquear la tarjeta desde la app en segundos. El doble factor de autenticación funciona perfectamente. Gracias a este sistema detecté un intento de fraude y evité perder 1.000 euros.","Sistema de alertas y seguridad digital que permitió evitar fraude","Canales"
"8","El plan de pensiones permite aportaciones desde 25 euros al mes y puedo aumentarlas o reducirlas cuando quiero. La variedad de perfiles de inversión es amplia. Los informes periódicos son claros y detallados. Para la jubilación es la opción más completa que he encontrado.","Satisfacción con flexibilidad y transparencia en plan de pensiones","Productos"
"8","Las alertas de seguridad me notifican de inmediato ante cualquier intento de acceso inusual. Puedo bloquear la tarjeta desde la app en segundos. El doble factor de autenticación funciona perfectamente. Gracias a este sistema detecté un intento de fraude y evité perder 1.000 euros.","Sistema de alertas y seguridad digital que permitió evitar fraude","Canales"
"7","El asesor de banca privada tiene buenos conocimientos de mercados y fiscalidad. Las reuniones son productivas aunque a veces me parece que intenta vender productos de la propia gestora del banco antes que opciones de terceros. En general el asesoramiento es de calidad.","Buen asesoramiento en banca privada con posible sesgo hacia productos propios","Personal"
"8","La empleada de ventanilla que me atendió fue muy amable y eficiente. Resolvió mi consulta en cinco minutos, me explicó todas las opciones disponibles y me ayudó a elegir la mejor. Una atención presencial que supera las expectativas.","Atención eficiente y amable en ventanilla con buena orientación al cliente","Personal"
"3","El trato que recibí en la oficina fue condescendiente y poco profesional. El empleado me habló como si no entendiese nada de finanzas y respondió con impaciencia cuando pregunté. Me fui sintiéndome un cliente de segunda. Inaceptable en un banco que dice valorar a sus clientes.","Trato condescendiente e irrespetuoso por parte de empleado de sucursal","Personal"
"7","Desde la app puedo contratar productos, hacer reclamaciones, firmar documentos y contactar con mi gestor por videollamada. Llevo seis meses sin necesitar ir a la sucursal para nada. La digitalización del banco es genuina y no solo cosmética.","App completa que permite gestión íntegra sin visitar sucursal","Canales"
"4","En los últimos tres años he tenido tres gestores diferentes asignados. Cada cambio implica explicar toda mi situación desde cero porque nadie traspasa correctamente el histórico. Esta rotación constante hace imposible construir una relación bancaria de confianza.","Alta rotación de gestores que impide continuidad y relación de confianza","Personal"
"8","Todos mis contratos, extractos y certificados están disponibles de forma digital en la app. Puedo descargar cualquier documento de los últimos tres años en PDF. Nunca necesito llamar para pedir documentación. Esto ahorra mucho tiempo y papel. La digitalización documental es sobresaliente.","Archivo documental digital completo y accesible desde la app","Canales"
"9","Las alertas de seguridad me notifican de inmediato ante cualquier intento de acceso inusual. Puedo bloquear la tarjeta desde la app en segundos. El doble factor de autenticación funciona perfectamente. Gracias a este sistema detecté un intento de fraude y evité perder 200 euros.","Sistema de alertas y seguridad digital que permitió evitar fraude","Canales"
"8","Todos mis contratos, extractos y certificados están disponibles de forma digital en la app. Puedo descargar cualquier documento de los últimos siete años en PDF. Nunca necesito llamar para pedir documentación. Esto ahorra mucho tiempo y papel. La digitalización documental es sobresaliente.","Archivo documental digital completo y accesible desde la app","Canales"
"10","Todo el equipo de mi oficina es extraordinariamente profesional. Siempre con una sonrisa, resuelven cualquier incidencia al momento y me hacen sentir un cliente importante. Es el nivel de servicio que no he encontrado en ningún otro banco en doce años.","Excelencia generalizada en profesionalidad y calidez del equipo de la sucursal","Personal"
"3","Me aprobaron una línea de crédito de 20.000 euros pero con tantas condiciones que es casi imposible usarla: avales necesarios, revisión trimestral y posibilidad de cancelación unilateral por el banco. Más que un producto de financiación parece una trampa llena de restricciones.","Línea de crédito con condiciones restrictivas que dificultan su uso","Productos"
"4","El interés de la hipoteca variable que me ofrecieron es Euríbor más 1%. Comparado con el mercado actual es bastante caro. Cuando pedí mejora me dijeron que dependía de la vinculación con productos que no necesito. La mejora del precio condiciona a contratar más productos.","Diferencial hipotecario variable caro condicionado a vinculación de productos no deseados","Pricing"
"3","Los empleados de la oficina no están actualizados sobre los productos digitales del banco. Cuando pregunté por una funcionalidad de la app me dieron información que llevaba meses obsoleta. Si ellos no saben cómo funcionan sus propios productos, ¿cómo van a asesorar a los clientes?","Personal no actualizado sobre productos y funcionalidades digitales del propio banco","Personal"
"4","La tarjeta de crédito tiene una cuota anual de 150 euros y los beneficios no justifican ese coste. El cashback es del 0.5% y los seguros de viaje tienen tantas exclusiones que son prácticamente inútiles. Pago por una tarjeta que no me aporta valor real.","Cuota anual de tarjeta no compensada por los beneficios reales que ofrece","Pricing"
"6","El tipo de interés de la hipoteca es aceptable aunque no el más bajo del mercado. Lo compensan con menos comisiones de apertura y más flexibilidad en amortizaciones. En el coste total de la hipoteca a largo plazo acaba siendo una opción competitiva si se considera todo.","Tipo hipotecario compensado por menor coste en comisiones y mayor flexibilidad","Pricing"
"4","El interés de la hipoteca variable que me ofrecieron es Euríbor más 0.9%. Comparado con el mercado actual es bastante caro. Cuando pedí mejora me dijeron que dependía de la vinculación con productos que no necesito. La mejora del precio condiciona a contratar más productos.","Diferencial hipotecario variable caro condicionado a vinculación de productos no deseados","Pricing"
"10","El plan de pensiones supera todas mis expectativas. La rentabilidad anual ha sido superior al 10% en los últimos tres años. Puedo cambiar el perfil de riesgo sin penalización y las comisiones de gestión son de las más bajas del sector. El mejor producto de ahorro a largo plazo que conozco.","Alta rentabilidad y bajas comisiones en plan de pensiones","Productos"
"8","Por tener la nómina y los recibos domiciliados recibo una bonificación de 120 euros al año. La condición es fácil de cumplir y la bonificación llega puntualmente cada año. Una forma honesta y simple de premiar la vinculación del cliente.","Bonificación por vinculación sencilla que el banco aplica con puntualidad","Pricing"
"10","El pago por móvil funciona en todos los comercios con terminal contactless. La autenticación es instantánea con huella dactilar. Ya no necesito llevar la cartera para compras del día a día. La experiencia de pago es más rápida que con tarjeta física. Un avance real en comodidad.","Pago por móvil completamente funcional que elimina necesidad de cartera física","Canales"
"9","La app tiene reconocimiento facial y huella dactilar para acceder. El proceso es instantáneo y muy seguro. Además puedo personalizar el orden de los accesos directos según mis hábitos. La experiencia de usuario es la mejor que he tenido en cualquier app bancaria.","Excelente seguridad biométrica y personalización en la app","Canales"
"6","El pago con el móvil funciona en la mayoría de comercios pero he tenido algunos problemas en gasolineras y parking automáticos. El proceso de configuración inicial fue algo complejo. Una vez configurado es cómodo para el día a día aunque con margen de mejora en compatibilidad.","Pago por móvil funcional con problemas de compatibilidad en algunos terminales","Canales"
"4","La cuenta nómina que me ofrecieron tiene tantas condiciones de vinculación que es imposible cumplirlas todas: nómina mínima de 2.500 euros, cuatro recibos domiciliados, tarjeta de crédito activa y seguro contratado. Si no cumples todo te cobran comisión. Es una trampa para cobrar comisiones camuflada.","Condiciones de exención en cuenta nómina imposibles de cumplir para la mayoría","Productos"
"10","La app móvil es increíblemente rápida e intuitiva. En menos de cuarenta segundos puedo hacer cualquier gestión: transferencias, inversiones, consultar movimientos o hablar con mi gestor. El diseño es moderno y nunca se cuelga. Es la mejor aplicación bancaria que he usado.","Excelente experiencia de uso de la app móvil en velocidad y diseño","Canales"
"2","Al intentar hacer una transferencia urgente de 2.000 euros la plataforma online me la bloqueó sin explicación. Tardé tres días en desbloquearla. Tuve que ir a la oficina con documentación. La incidencia me generó problemas graves con el receptor del pago. Inaceptable.","Bloqueo injustificado de transferencia urgente con proceso de desbloqueo presencial","Canales"
"9","El plan de pensiones supera todas mis expectativas. La rentabilidad anual ha sido superior al 8% en los últimos tres años. Puedo cambiar el perfil de riesgo sin penalización y las comisiones de gestión son de las más bajas del sector. El mejor producto de ahorro a largo plazo que conozco.","Alta rentabilidad y bajas comisiones en plan de pensiones","Productos"
"2","Me acaban de cobrar 5 euros por recibir una transferencia desde el extranjero. Esta comisión no aparece en el resumen de tarifas principal sino en un anexo de cincuenta páginas. Esta opacidad en los precios parece diseñada para que el cliente no se entere hasta que ya es tarde.","Comisión por transferencia recibida oculta en documentación extensa y difícil de encontrar","Pricing"
"5","El seguro de hogar tiene un sinfín de exclusiones que no me explicaron al contratarlo. Cuando intenté reclamar por una inundación me denegaron la cobertura por un tecnicismo. Además el precio sube cada año un 12% sin mejora aparente en las condiciones. Completamente decepcionante.","Exclusiones ocultas en seguro de hogar y aumento de precio sin mejora","Productos"
"10","Tuve una situación económica muy difícil y mi asesora me ayudó a reestructurar mis deudas sin juzgarme. Me propuso un plan realista y me fue acompañando durante todo el proceso. Gracias a su gestión pude superar una situación que parecía imposible. Le estaré siempre agradecido.","Asesora empática que gestionó reestructuración de deuda con éxito en momento difícil","Personal"
"10","Tuve una situación económica muy difícil y mi asesora me ayudó a reestructurar mis deudas sin juzgarme. Me propuso un plan realista y me fue acompañando durante todo el proceso. Gracias a su gestión pude superar una situación que parecía imposible. Le estaré siempre agradecido.","Asesora empática que gestionó reestructuración de deuda con éxito en momento difícil","Personal"
"2","Las comisiones de gestión del fondo de inversión activo que contraté superan el 1.5% anual. Con esa carga el fondo debe batir al mercado solo para empatar. En la práctica raramente lo consigue. Estoy pagando mucho por un rendimiento que podría obtener gratis con un indexado.","Comisiones de fondo activo que anulan cualquier posibilidad de rendimiento superior","Pricing"
"1","La app me bloqueó la cuenta sin motivo aparente justo antes de un viaje importante. No pude operar durante dos días. El proceso de desbloqueo requirió ir a la oficina con documentación original. Nadie me explicó por qué se bloqueó. Un sistema de seguridad que penaliza al cliente legítimo.","Bloqueo injustificado de cuenta por la app en momento crítico sin explicación","Canales"
"10","El servicio de banca privada es excepcional. Mi asesor dedica tiempo real a conocer mis objetivos y personales. Las reuniones de seguimiento son frecuentes y productivas. Me siento completamente acompañado en cada decisión financiera importante. Justifica ampliamente lo que cuesta.","Excelente servicio de banca privada con asesoramiento personalizado profundo","Personal"
"1","Al intentar hacer una transferencia urgente de 1.500 euros la plataforma online me la bloqueó sin explicación. Tardé tres días en desbloquearla. Tuve que ir a la oficina con documentación. La incidencia me generó problemas graves con el receptor del pago. Inaceptable.","Bloqueo injustificado de transferencia urgente con proceso de desbloqueo presencial","Canales"
"9","Todas las comisiones del banco están perfectamente detalladas en un documento de tarifas fácil de encontrar en la web. Sin letra pequeña ni condiciones ocultas. Cuando pregunto me explican el coste exacto antes de hacer cualquier operación. Una transparencia en precios que se agradece.","Alta transparencia en comunicación de tarifas y precios antes de operar","Pricing"
"2","La página web del banco es lentísima. Para ver los movimientos del último mes tarda más de veinte segundos en cargar. Además falla constantemente en Chrome y Firefox. Cuando llamo para reportarlo me dicen que pruebe con otro navegador. Una solución inaceptable en pleno siglo XXI.","Web bancaria lenta y con errores en navegadores principales","Canales"
"9","La cuenta de ahorro remunerada da un 2.75% anual sobre el saldo. Los intereses se abonan mensualmente y puedo retirar el dinero en cualquier momento sin penalización. Sin vinculaciones obligatorias. Es la mejor opción de ahorro líquido que he encontrado en la banca tradicional.","Satisfacción con cuenta ahorro remunerada líquida sin condiciones","Productos"
"5","Las comisiones del banco están en la media del mercado. Ni muy baratas ni muy caras. Los precios están documentados en la web aunque hay que buscarlos un poco. No tengo quejas pero tampoco motivos para recomendarlos especialmente por precio frente a alternativas más económicas.","Estructura de precios media del mercado sin ventajas ni desventajas competitivas claras","Pricing"
"8","El tipo de interés de la hipoteca variable es Euríbor más 0.75%. Un diferencial muy competitivo. Además puedo hacer novación a tipo fijo sin coste en cualquier momento. Esta flexibilidad en el precio de la hipoteca me parece un valor diferencial importante.","Diferencial hipotecario competitivo con opción de novación a fijo sin coste","Pricing"
"8","El cashback del 5% en supermercados, gasolineras y restaurantes se aplica automáticamente sin activación manual. El mes pasado recuperé 40 euros solo con gastos habituales. Es un beneficio real y tangible que otros bancos no ofrecen con tanta sencillez.","Cashback automático aplicado correctamente en categorías de gasto cotidiano","Pricing"
"2","Las comisiones de este banco son las más altas del mercado. Cobran 20 euros al mes solo por mantener la cuenta abierta. Por cada transferencia cobran 1 euros. Por sacar en cajero de otro banco otros 3 euros. Es un banco diseñado para ganar dinero con las comisiones.","Estructura de comisiones entre las más elevadas del mercado sin beneficios compensadores","Pricing"
"9","Mi gestora conoce perfectamente mi situación financiera, mis objetivos y mis aversiones al riesgo. Nunca me ha propuesto un producto que no se ajuste a mi perfil. Sus recomendaciones han sido siempre acertadas. Es exactamente el tipo de asesoramiento que espero de un banco de confianza.","Asesora con conocimiento profundo del perfil y objetivos del cliente","Personal"
"8","Pedir cita previa online es muy sencillo: en menos de cinco minutos tienes confirmación y un recordatorio por SMS el día anterior. El día de la cita no tuve que esperar nada. La digitalización del proceso presencial está muy bien implementada.","Sistema de cita previa online ágil y efectivo sin esperas","Canales"
"6","El asesor de banca privada tiene buenos conocimientos de mercados y fiscalidad. Las reuniones son productivas aunque a veces me parece que intenta vender productos de la propia gestora del banco antes que opciones de terceros. En general el asesoramiento es de calidad.","Buen asesoramiento en banca privada con posible sesgo hacia productos propios","Personal"
"5","El seguro de hogar tiene un sinfín de exclusiones que no me explicaron al contratarlo. Cuando intenté reclamar por una inundación me denegaron la cobertura por un tecnicismo. Además el precio sube cada año un 15% sin mejora aparente en las condiciones. Completamente decepcionante.","Exclusiones ocultas en seguro de hogar y aumento de precio sin mejora","Productos"
"3","Los empleados de la oficina no están actualizados sobre los productos digitales del banco. Cuando pregunté por una funcionalidad de la app me dieron información que llevaba meses obsoleta. Si ellos no saben cómo funcionan sus propios productos, ¿cómo van a asesorar a los clientes?","Personal no actualizado sobre productos y funcionalidades digitales del propio banco","Personal"
"3","El seguro de hogar tiene un sinfín de exclusiones que no me explicaron al contratarlo. Cuando intenté reclamar por una inundación me denegaron la cobertura por un tecnicismo. Además el precio sube cada año un 8% sin mejora aparente en las condiciones. Completamente decepcionante.","Exclusiones ocultas en seguro de hogar y aumento de precio sin mejora","Productos"
"1","La cola en la oficina era de más de una hora el martes por la mañana con solo tres empleados para atender a más de veinticinco personas. El sistema de cita previa falla y no deja reservar. Es un servicio completamente colapsado que no funciona.","Colapso total en atención presencial de la sucursal sin cita previa funcional","Canales"
"10","Todo el equipo de mi oficina es extraordinariamente profesional. Siempre con una sonrisa, resuelven cualquier incidencia al momento y me hacen sentir un cliente importante. Es el nivel de servicio que no he encontrado en ningún otro banco en veinte años.","Excelencia generalizada en profesionalidad y calidez del equipo de la sucursal","Personal"
"10","La línea de crédito para mi empresa es muy flexible: solo pago intereses sobre el importe que uso, no sobre el total disponible. Puedo disponer y devolver cuando quiero. El tipo es competitivo para el mercado actual. Es el producto de financiación más útil que tengo contratado.","Satisfacción con flexibilidad y coste de línea de crédito empresarial","Productos"
"3","La cuenta de ahorro da un 0.1% de interés anual. Con la inflación actual es perder dinero en términos reales. Hay alternativas en el mercado que ofrecen 2.5% sin condiciones. Mantener aquí el ahorro es la peor decisión financiera posible.","Rentabilidad de cuenta ahorro por debajo de inflación y de alternativas del mercado","Pricing"
"8","Cuando llamé con una incidencia urgente me atendieron en menos de tres minutos. El agente fue directo y resolutivo. Solucionó el problema en la misma llamada sin derivarme a otro departamento. Una atención telefónica que raramente encuentro en otros bancos.","Atención telefónica rápida y resolutiva sin transferencias innecesarias","Canales"
"10","La app móvil es increíblemente rápida e intuitiva. En menos de cuarenta segundos puedo hacer cualquier gestión: transferencias, inversiones, consultar movimientos o hablar con mi gestor. El diseño es moderno y nunca se cuelga. Es la mejor aplicación bancaria que he usado.","Excelente experiencia de uso de la app móvil en velocidad y diseño","Canales"
"9","La tarjeta de débito funciona perfectamente en sesenta países sin comisión. Tengo notificaciones instantáneas de cada pago, puedo bloquearla desde la app en segundos y gestionar el límite diario yo mismo. Es la tarjeta más completa que he tenido en todos mis años como cliente bancario.","Tarjeta débito internacional completa con control total desde app","Productos"
"10","Bizum funciona perfectamente desde la app. En menos de veinte segundos puedo enviar o solicitar dinero a cualquier contacto. Las solicitudes de pago también funcionan muy bien. Lo uso a diario para dividir gastos y nunca ha fallado. Simplísimo y fiable.","Satisfacción total con Bizum integrado en app por velocidad y fiabilidad","Canales"
"3","Mi tarjeta de crédito tiene un límite de 800 euros que no me suben desde hace cuatro años aunque lo solicito cada seis meses. Con ese límite no puedo hacer reservas de hotel ni alquilar coches en el extranjero. Es un producto completamente inútil para mis necesidades actuales.","Límite de crédito insuficiente sin posibilidad de ampliación tras múltiples solicitudes","Productos"
"5","Las videollamadas con el banco están disponibles pero hay que reservarlas con tres días de antelación mínimo. La imagen es buena pero el audio falla a veces. Para gestiones urgentes no es una opción viable. Como complemento al canal presencial cumple pero podría ser más ágil.","Videoconferencia disponible pero con limitaciones de disponibilidad y audio","Canales"
"5","Las videollamadas con el banco están disponibles pero hay que reservarlas con cuatro días de antelación mínimo. La imagen es buena pero el audio falla a veces. Para gestiones urgentes no es una opción viable. Como complemento al canal presencial cumple pero podría ser más ágil.","Videoconferencia disponible pero con limitaciones de disponibilidad y audio","Canales"
"2","La página web del banco es lentísima. Para ver los movimientos del último mes tarda más de cincuenta segundos en cargar. Además falla constantemente en Chrome y Firefox. Cuando llamo para reportarlo me dicen que pruebe con otro navegador. Una solución inaceptable en pleno siglo XXI.","Web bancaria lenta y con errores en navegadores principales","Canales"
"8","El plan de pensiones permite aportaciones desde 40 euros al mes y puedo aumentarlas o reducirlas cuando quiero. La variedad de perfiles de inversión es amplia. Los informes periódicos son claros y detallados. Para la jubilación es la opción más completa que he encontrado.","Satisfacción con flexibilidad y transparencia en plan de pensiones","Productos"
"8","La tarjeta de crédito funciona perfectamente en el extranjero sin comisión por cambio de divisa. La puedo congelar y descongelar desde la app en segundos. El límite es adecuado a mis necesidades y puedo ampliarlo de forma temporal. Una tarjeta sin complicaciones ni sorpresas.","Tarjeta de crédito sin comisiones por divisa y gestión ágil desde app","Productos"
"8","La banca online permite gestionar absolutamente todo: contratar productos, ver histórico de cinco años, descargar certificados y configurar alertas. Los tiempos de carga son rápidos incluso en conexión lenta. Es la plataforma web bancaria más completa que he usado.","Banca online completa y rápida con acceso a histórico extenso","Canales"
"1","Me prometieron un tipo fijo del 3.1% y al firmar era el 3.2%. Nadie me avisó del cambio. Cuando reclamé me dijeron que había sido un error administrativo y que ya no podían modificarlo. Firmé bajo presión porque ya tenía fecha de notaría. Me siento completamente engañado.","Modificación de tipo hipotecario sin previo aviso al momento de la firma","Productos"
"3","La app se cierra sola cuatro o cuatro veces al día. He reportado el problema en tres ocasiones y solo me dicen que están trabajando en ello. Cada actualización empeora el rendimiento. Llevo cuatro meses con la misma situación sin ninguna solución.","Fallos recurrentes de estabilidad en la app sin resolución tras múltiples reportes","Canales"
"4","El plan de pensiones que me vendieron tiene unas comisiones de gestión del 1.5% anual. Con esa carga es casi imposible obtener rentabilidad real. Además solo tienen dos perfiles de inversión sin posibilidad de personalización. La oferta de planes del banco es claramente mejorable.","Comisiones altas y escasa variedad en plan de pensiones del banco","Productos"
"10","La posibilidad de hacer videollamadas con mi gestor desde casa es muy cómoda. La calidad de imagen y sonido es buena. Puedo firmar documentos digitalmente durante la llamada. Me ahorra desplazamientos para gestiones importantes. Es una funcionalidad que debería ser estándar en todos los bancos.","Satisfacción con videollamada con gestor para firma digital de documentos","Canales"
"3","Las alertas de seguridad están desactivadas por defecto y no es fácil encontrar cómo activarlas. Cuando tuve un cargo fraudulento me enteré días después al revisar el extracto. Un banco que apuesta por la seguridad debería tener estas alertas activadas por defecto.","Alertas de seguridad desactivadas por defecto con difícil configuración","Canales"
"3","La hipoteca variable me está destrozando con la subida del Euríbor. Cuando la contraté me explicaron muy poco los riesgos de la variabilidad. No me ofrecieron alternativa fija ni me informaron de la posibilidad de novación. Me siento desinformado en el momento más importante de mi vida financiera.","Falta de información sobre riesgo de hipoteca variable al momento de la contratación","Productos"
"1","La oficina solo abre de lunes a viernes de 8:30 a 13:30. Para alguien que trabaja en esas horas es imposible ir. No tienen horario de tarde ni sábados. La única alternativa es pedir cita con semanas de antelación. El banco no se ha adaptado a los horarios reales de la vida laboral.","Horario de sucursal incompatible con jornada laboral sin alternativa de tarde o sábado","Canales"
"2","El trato que recibí en la oficina fue condescendiente y poco profesional. El empleado me habló como si no entendiese nada de finanzas y respondió con impaciencia cuando pregunté. Me fui sintiéndome un cliente de segunda. Inaceptable en un banco que dice valorar a sus clientes.","Trato condescendiente e irrespetuoso por parte de empleado de sucursal","Personal"
"1","Me prometieron un tipo fijo del 3.1% y al firmar era el 3.3%. Nadie me avisó del cambio. Cuando reclamé me dijeron que había sido un error administrativo y que ya no podían modificarlo. Firmé bajo presión porque ya tenía fecha de notaría. Me siento completamente engañado.","Modificación de tipo hipotecario sin previo aviso al momento de la firma","Productos"
"7","El plan de pensiones permite aportaciones desde 50 euros al mes y puedo aumentarlas o reducirlas cuando quiero. La variedad de perfiles de inversión es amplia. Los informes periódicos son claros y detallados. Para la jubilación es la opción más completa que he encontrado.","Satisfacción con flexibilidad y transparencia en plan de pensiones","Productos"
"7","El precio del seguro de coche que contraté a través del banco es diez% más barato que la renovación que me daba mi aseguradora anterior. La cobertura es equivalente o mejor. Con la comodidad de tenerlo domiciliado en la misma cuenta. Una compra claramente ganadora en precio.","Seguro de coche más económico que alternativa previa con cobertura equivalente","Pricing"
"8","Pedí un préstamo personal de 10.000 euros para reformar la cocina y el proceso fue completamente digital. En veinte minutos tuve la aprobación y el dinero en cuenta al día siguiente. El tipo fue competitivo y sin letra pequeña. Muy satisfecho con la agilidad y transparencia.","Proceso digital ágil y transparente en préstamo personal para reforma","Productos"
"2","Me aprobaron una línea de crédito de 50.000 euros pero con tantas condiciones que es casi imposible usarla: avales necesarios, revisión trimestral y posibilidad de cancelación unilateral por el banco. Más que un producto de financiación parece una trampa llena de restricciones.","Línea de crédito con condiciones restrictivas que dificultan su uso","Productos"
"2","El proceso de solicitud de la hipoteca fue un desastre total. Me pidieron la misma documentación tres veces porque la perdían. Tardaron siete meses en darme respuesta. Cuando por fin aprobaron la hipoteca habían cambiado las condiciones iniciales. Perdí la reserva del piso por su ineficiencia.","Proceso hipotecario caótico con cambio de condiciones y documentación perdida","Productos"
"9","El proceso de firma de la hipoteca fue ágil y sin sorpresas. Me asignaron un gestor exclusivo que me acompañó en cada paso. Las condiciones acordadas al inicio fueron exactamente las que firmé. Después de seis años siendo cliente, es la mejor decisión financiera que he tomado con este banco.","Proceso hipotecario ágil y transparente sin cambios en condiciones","Productos"
"7","La tarjeta débito contactless funciona en todos los comercios y en el transporte público. Las notificaciones son instantáneas y me ayudan a controlar el gasto diario. El único punto de mejora sería poder generar números de tarjeta virtuales para compras online.","Satisfacción con tarjeta débito contactless con sugerencia de mejora","Productos"
"8","La gama de ETFs disponibles es amplia: mercados desarrollados, emergentes, sectoriales y temáticos. Las comisiones de compraventa son de 0.2% sin mínimo por operación. Puedo operar directamente desde la app. Para un inversor pasivo es la mejor plataforma que he encontrado en banca tradicional.","Buena oferta de ETFs con comisiones competitivas y acceso desde app","Productos"
"7","La cuenta sin comisiones tiene condiciones de vinculación alcanzables: nómina superior a 600 euros o dos recibos domiciliados. No te exigen ser un gran cliente para acceder a las ventajas. Es una propuesta justa que permite a cualquier cliente evitar las comisiones.","Condiciones de exención de comisiones alcanzables para el cliente medio","Pricing"
"7","Cuando el banco me llama para ofrecerme algo siempre es algo que realmente me puede interesar según mi perfil. Nunca me han ofrecido algo completamente fuera de lugar. Se nota que hay un trabajo de segmentación detrás. Es una comercialización inteligente que no molesta.","Comercialización segmentada y relevante que el cliente valora positivamente","Personal"
"8","Contraté un renting de coche a través del banco y el proceso fue muy sencillo. La cuota mensual incluye seguro, mantenimiento y cambio de neumáticos. Sin sorpresas ni costes adicionales. Para alguien que no quiere preocuparse por el coche es una solución cómoda y predecible.","Satisfacción con producto de renting de vehículo integrado con banco","Productos"
"1","Me notificaron por carta que subían las comisiones de mantenimiento un 50% con solo quince días de preaviso. Sin posibilidad de negociación. Un cambio unilateral de condiciones que vulnera la confianza del cliente y me obliga a buscar alternativas urgentemente.","Subida unilateral de comisiones con preaviso mínimo sin posibilidad de negociación","Pricing"
"2","Me acaban de cobrar 6 euros por recibir una transferencia desde el extranjero. Esta comisión no aparece en el resumen de tarifas principal sino en un anexo de treinta páginas. Esta opacidad en los precios parece diseñada para que el cliente no se entere hasta que ya es tarde.","Comisión por transferencia recibida oculta en documentación extensa y difícil de encontrar","Pricing"
"9","La cuenta de ahorro remunerada da un 2.5% anual sobre el saldo. Los intereses se abonan mensualmente y puedo retirar el dinero en cualquier momento sin penalización. Sin vinculaciones obligatorias. Es la mejor opción de ahorro líquido que he encontrado en la banca tradicional.","Satisfacción con cuenta ahorro remunerada líquida sin condiciones","Productos"
"4","El chatbot no entiende preguntas complejas. Responde siempre con respuestas genéricas que no se adaptan a mi situación. Cuando insisto me manda a un FAQ que tampoco resuelve mi duda. Al final tengo que llamar o ir a la oficina de todas formas. Un asistente inútil.","Chatbot incapaz de resolver consultas específicas y no genéricas","Canales"
"9","La banca online permite gestionar absolutamente todo: contratar productos, ver histórico de siete años, descargar certificados y configurar alertas. Los tiempos de carga son rápidos incluso en conexión lenta. Es la plataforma web bancaria más completa que he usado.","Banca online completa y rápida con acceso a histórico extenso","Canales"
"9","Bizum funciona perfectamente desde la app. En menos de quince segundos puedo enviar o solicitar dinero a cualquier contacto. Las solicitudes de pago también funcionan muy bien. Lo uso a diario para dividir gastos y nunca ha fallado. Simplísimo y fiable.","Satisfacción total con Bizum integrado en app por velocidad y fiabilidad","Canales"
"3","Es imposible contactar con mi gestor asignado. No coge el teléfono, no responde emails y cuando llamo a la oficina siempre está ocupado. Para cualquier gestión tengo que ir en persona porque el canal directo con mi gestor está completamente roto.","Inaccesibilidad total del gestor asignado por todos los canales disponibles","Personal"
"8","Pedí un préstamo personal de 10.000 euros para reformar la cocina y el proceso fue completamente digital. En quince minutos tuve la aprobación y el dinero en cuenta al día siguiente. El tipo fue competitivo y sin letra pequeña. Muy satisfecho con la agilidad y transparencia.","Proceso digital ágil y transparente en préstamo personal para reforma","Productos"
"8","El crédito al consumo lo aprobaron en cinco minutos de forma completamente online. Sin papeleo, sin ir a la oficina. El tipo fue razonable y las condiciones claras desde el principio. Para una compra importante es una alternativa cómoda y sin sorpresas.","Crédito al consumo aprobado digitalmente con rapidez y condiciones claras","Productos"
"2","El proceso de solicitud de la hipoteca fue un desastre total. Me pidieron la misma documentación cuatro veces porque la perdían. Tardaron siete meses en darme respuesta. Cuando por fin aprobaron la hipoteca habían cambiado las condiciones iniciales. Perdí la reserva del piso por su ineficiencia.","Proceso hipotecario caótico con cambio de condiciones y documentación perdida","Productos"
"2","Las comisiones de este banco son las más altas del mercado. Cobran 12 euros al mes solo por mantener la cuenta abierta. Por cada transferencia cobran 1 euros. Por sacar en cajero de otro banco otros 2 euros. Es un banco diseñado para ganar dinero con las comisiones.","Estructura de comisiones entre las más elevadas del mercado sin beneficios compensadores","Pricing"
"10","El plan de pensiones supera todas mis expectativas. La rentabilidad anual ha sido superior al 7% en los últimos tres años. Puedo cambiar el perfil de riesgo sin penalización y las comisiones de gestión son de las más bajas del sector. El mejor producto de ahorro a largo plazo que conozco.","Alta rentabilidad y bajas comisiones en plan de pensiones","Productos"
"2","La cuenta de ahorro da un 0.1% de interés anual. Con la inflación actual es perder dinero en términos reales. Hay alternativas en el mercado que ofrecen 4% sin condiciones. Mantener aquí el ahorro es la peor decisión financiera posible.","Rentabilidad de cuenta ahorro por debajo de inflación y de alternativas del mercado","Pricing"
"4","El chatbot no entiende preguntas complejas. Responde siempre con respuestas genéricas que no se adaptan a mi situación. Cuando insisto me manda a un FAQ que tampoco resuelve mi duda. Al final tengo que llamar o ir a la oficina de todas formas. Un asistente inútil.","Chatbot incapaz de resolver consultas específicas y no genéricas","Canales"
"7","La gama de ETFs disponibles es amplia: mercados desarrollados, emergentes, sectoriales y temáticos. Las comisiones de compraventa son de 0.1% sin mínimo por operación. Puedo operar directamente desde la app. Para un inversor pasivo es la mejor plataforma que he encontrado en banca tradicional.","Buena oferta de ETFs con comisiones competitivas y acceso desde app","Productos"
"3","Los empleados de la oficina no están actualizados sobre los productos digitales del banco. Cuando pregunté por una funcionalidad de la app me dieron información que llevaba meses obsoleta. Si ellos no saben cómo funcionan sus propios productos, ¿cómo van a asesorar a los clientes?","Personal no actualizado sobre productos y funcionalidades digitales del propio banco","Personal"
"10","La tarjeta premium tiene acceso a mil doscientas salas VIP en aeropuertos de todo el mundo, seguro de viaje completo y cashback del 2% en todas las compras. Con los beneficios que uso mensualmente la cuota se paga sola. Es el mejor producto financiero que he contratado.","Alta satisfacción con beneficios completos de tarjeta premium","Productos"
"8","La oficina está bien ubicada en el centro con aparcamiento cercano. Los jueves tienen horario de tarde hasta las 19:00, lo cual es muy útil si trabajas. La sala de espera es cómoda. Podría mejorar el tiempo medio de espera pero en general es accesible.","Buena accesibilidad y ubicación de sucursal con horario de tarde","Canales"
"9","Tuve una situación económica muy difícil y mi asesora me ayudó a reestructurar mis deudas sin juzgarme. Me propuso un plan realista y me fue acompañando durante todo el proceso. Gracias a su gestión pude superar una situación que parecía imposible. Le estaré siempre agradecido.","Asesora empática que gestionó reestructuración de deuda con éxito en momento difícil","Personal"
"8","El cashback del 3% en supermercados, gasolineras y restaurantes se aplica automáticamente sin activación manual. El mes pasado recuperé 80 euros solo con gastos habituales. Es un beneficio real y tangible que otros bancos no ofrecen con tanta sencillez.","Cashback automático aplicado correctamente en categorías de gasto cotidiano","Pricing"
"9","La banca online permite gestionar absolutamente todo: contratar productos, ver histórico de diez años, descargar certificados y configurar alertas. Los tiempos de carga son rápidos incluso en conexión lenta. Es la plataforma web bancaria más completa que he usado.","Banca online completa y rápida con acceso a histórico extenso","Canales"
"9","Cuando tengo dudas sobre productos o normativa fiscal los empleados del banco siempre me dan información correcta y actualizada. Me parece que el banco invierte en formación continua de su plantilla. Eso se nota y se agradece cuando uno necesita asesoramiento de verdad.","Personal bien formado que da información correcta y actualizada sobre productos y fiscalidad","Personal"
"8","Las notificaciones push de cada pago con tarjeta son instantáneas y muy claras. Me ayudan a detectar cualquier cargo inesperado de forma inmediata. Gracias a esto detecté un cargo fraudulento en menos de cinco minutos y pude bloquearlo desde la misma notificación.","Notificaciones instantáneas de pagos útiles para detección de fraude","Canales"
"1","Me cobraron 0.20 euros por consultar el saldo en un cajero de otra entidad. En la era del banco digital cobrar por consultar tu propio saldo es completamente anacrónico. Además no me lo informaron al contratar la cuenta. Una comisión pequeña pero muy reveladora de la cultura del banco.","Comisión por consulta de saldo en cajero ajeno anacrónica y no informada al contratar","Pricing"
"10","El servicio de banca privada es excepcional. Mi asesor dedica tiempo real a conocer mis objetivos y personales. Las reuniones de seguimiento son frecuentes y productivas. Me siento completamente acompañado en cada decisión financiera importante. Justifica ampliamente lo que cuesta.","Excelente servicio de banca privada con asesoramiento personalizado profundo","Personal"
"4","El sistema de cita previa online falla constantemente. A veces te confirma la cita pero no aparece en el sistema cuando llegas. He llegado con cita reservada tres veces y me han dicho que no constaba. Un sistema de gestión de citas completamente poco fiable.","Sistema de cita previa con fallos que invalidan reservas confirmadas","Canales"
"3","Las alertas de seguridad están desactivadas por defecto y no es fácil encontrar cómo activarlas. Cuando tuve un cargo fraudulento me enteré días después al revisar el extracto. Un banco que apuesta por la seguridad debería tener estas alertas activadas por defecto.","Alertas de seguridad desactivadas por defecto con difícil configuración","Canales"
"10","La tarjeta de crédito no tiene cuota anual y tampoco cobra por operaciones en moneda extranjera. En mis seis viajes de este año no he pagado un solo euro en comisiones por cambio de divisa. Para alguien que viaja habitualmente es una tarjeta con un precio imbatible.","Tarjeta sin comisión anual ni por divisa ideal para clientes viajeros frecuentes","Pricing"
"8","Cuando el banco me llama para ofrecerme algo siempre es algo que realmente me puede interesar según mi perfil. Nunca me han ofrecido algo completamente fuera de lugar. Se nota que hay un trabajo de segmentación detrás. Es una comercialización inteligente que no molesta.","Comercialización segmentada y relevante que el cliente valora positivamente","Personal"
"3","El tipo de interés del crédito al consumo es del 16% TAE para un cliente sin incidencias. La competencia ofrece la mitad. Cuando lo intenté negociar me dijeron que era tarifa fija sin excepciones. Para financiación de consumo este banco no es una opción válida.","Tipo de interés en crédito al consumo muy elevado sin posibilidad de negociación","Pricing"
"9","El depósito a plazo fijo al 3% TAE a doce meses me ofrece certeza total sobre la rentabilidad. No hay letra pequeña, no hay vinculaciones, no hay condiciones. El importe mínimo es asequible y la renovación automática es opcional. Exactamente lo que espero de un producto de ahorro.","Satisfacción con transparencia y condiciones claras del depósito a plazo","Productos"
"3","La web no está adaptada para móvil. Los botones son minúsculos y se superponen unos sobre otros. Los PDFs de los extractos no se abren desde el navegador del móvil. Si no tengo ordenador cerca es prácticamente imposible hacer ciertas gestiones.","Web bancaria no adaptada para uso en dispositivos móviles","Canales"
"1","Me notificaron por carta que subían las comisiones de mantenimiento un 60% con solo diez días de preaviso. Sin posibilidad de negociación. Un cambio unilateral de condiciones que vulnera la confianza del cliente y me obliga a buscar alternativas urgentemente.","Subida unilateral de comisiones con preaviso mínimo sin posibilidad de negociación","Pricing"
"1","El seguro de vida vinculado a la hipoteca tiene unas condiciones abusivas. Me cobran 120 euros al mes por una cobertura que apenas protege el 50% de la deuda. Cuando quise cancelarlo me dijeron que tenía penalización de tres años de primas. Me siento completamente atrapado.","Seguro de vida vinculado a hipoteca con condiciones abusivas y cancelación penalizada","Productos"
"4","Cada vez que voy a la oficina o llamo me atiende una persona diferente y nadie conoce mi historial. Tengo que repetir siempre la misma información desde cero. Esta descoordinación interna hace la relación con el banco completamente impersonal y frustrante.","Descoordinación interna que obliga al cliente a repetir información en cada contacto","Personal"
"8","La cuenta nómina tiene condiciones muy buenas: sin comisiones, transferencias gratuitas y descuentos en seguros. Tardé diez minutos en abrirla completamente online. El único punto negativo es que el seguro de accidentes tiene una cobertura algo limitada pero en general es un excelente producto.","Satisfacción con cuenta nómina digital con proceso de apertura ágil","Productos"
"7","Por tener la nómina y los recibos domiciliados recibo una bonificación de 150 euros al año. La condición es fácil de cumplir y la bonificación llega puntualmente cada semestre. Una forma honesta y simple de premiar la vinculación del cliente.","Bonificación por vinculación sencilla que el banco aplica con puntualidad","Pricing"
"4","En los últimos dos años he tenido cuatro gestores diferentes asignados. Cada cambio implica explicar toda mi situación desde cero porque nadie traspasa correctamente el histórico. Esta rotación constante hace imposible construir una relación bancaria de confianza.","Alta rotación de gestores que impide continuidad y relación de confianza","Personal"
"9","Cuando el banco me llama para ofrecerme algo siempre es algo que realmente me puede interesar según mi perfil. Nunca me han ofrecido algo completamente fuera de lugar. Se nota que hay un trabajo de segmentación detrás. Es una comercialización inteligente que no molesta.","Comercialización segmentada y relevante que el cliente valora positivamente","Personal"
"3","El plan de pensiones que me vendieron tiene unas comisiones de gestión del 2.2% anual. Con esa carga es casi imposible obtener rentabilidad real. Además solo tienen tres perfiles de inversión sin posibilidad de personalización. La oferta de planes del banco es claramente mejorable.","Comisiones altas y escasa variedad en plan de pensiones del banco","Productos"
"9","Mi gestor personal se adelanta siempre a mis necesidades. Antes de que yo lo piense me llama para ofrecerme soluciones. Llevo cinco años con él y ha gestionado perfectamente momentos complejos como la compra de mi casa o la planificación de mi jubilación. Un profesional excepcional.","Gestor proactivo que anticipa necesidades del cliente con relación de largo plazo","Personal"
"3","El plan de pensiones que me vendieron tiene unas comisiones de gestión del 2.2% anual. Con esa carga es casi imposible obtener rentabilidad real. Además solo tienen dos perfiles de inversión sin posibilidad de personalización. La oferta de planes del banco es claramente mejorable.","Comisiones altas y escasa variedad en plan de pensiones del banco","Productos"
"8","La cita previa online se puede reservar a cualquier hora del día. En dos minutos tienes confirmación por email y SMS con todos los detalles. El día de la cita el tiempo de espera fue de menos de tres minutos. Un sistema que respeta el tiempo del cliente.","Sistema de cita previa digital eficiente con tiempos de espera mínimos","Canales"
"1","El asesor comercial me presionó para contratar un producto de inversión que no necesitaba sin explicarme los riesgos. Fue evasivo con mis preguntas. Meses después el producto acumulaba pérdidas significativas. Cuando reclamé me dijo que yo había firmado el contrato. Una mala praxis comercial inaceptable.","Venta agresiva de producto inadecuado sin transparencia sobre riesgos reales","Personal"
"7","El asesor de banca privada tiene buenos conocimientos de mercados y fiscalidad. Las reuniones son productivas aunque a veces me parece que intenta vender productos de la propia gestora del banco antes que opciones de terceros. En general el asesoramiento es de calidad.","Buen asesoramiento en banca privada con posible sesgo hacia productos propios","Personal"
"1","El asesor me recomendó un fondo de inversión con un perfil de riesgo muy superior al mío sin advertirme. Cuando perdí dinero significativo me presentó el contrato que yo había firmado como única respuesta. Un asesoramiento irresponsable que incumple claramente la normativa MiFID.","Asesoramiento que incumple normativa MiFID al no ajustarse al perfil de riesgo del cliente","Personal"
"5","Después de la última actualización la app tardó tres días en funcionar con normalidad. Hubo transacciones que no se procesaron correctamente y tuve que ir a la oficina a resolverlas. Las actualizaciones deberían probarse antes de lanzarlas masivamente a los clientes.","Actualización de app que causó fallos en transacciones y requirió visita a sucursal","Canales"
"5","Las videollamadas con el banco están disponibles pero hay que reservarlas con tres días de antelación mínimo. La imagen es buena pero el audio falla a veces. Para gestiones urgentes no es una opción viable. Como complemento al canal presencial cumple pero podría ser más ágil.","Videoconferencia disponible pero con limitaciones de disponibilidad y audio","Canales"
"10","Sin cajeros del propio banco en el extranjero puedo sacar efectivo en cualquier cajero de Europa sin comisión gracias a mi tarjeta. En doce países diferentes nunca he pagado nada extra. Para un viajero frecuente es un beneficio en precios que marca la diferencia.","Sin comisión por retirada en cajeros europeos para clientes viajeros","Pricing"
"9","El cashback del 2% en supermercados, gasolineras y restaurantes se aplica automáticamente sin activación manual. El mes pasado recuperé 50 euros solo con gastos habituales. Es un beneficio real y tangible que otros bancos no ofrecen con tanta sencillez.","Cashback automático aplicado correctamente en categorías de gasto cotidiano","Pricing"
"10","Tuve una situación económica muy difícil y mi asesora me ayudó a reestructurar mis deudas sin juzgarme. Me propuso un plan realista y me fue acompañando durante todo el proceso. Gracias a su gestión pude superar una situación que parecía imposible. Le estaré siempre agradecido.","Asesora empática que gestionó reestructuración de deuda con éxito en momento difícil","Personal"
"2","Las comisiones de custodia de mi cartera de valores superan el 0.8% anual del patrimonio gestionado. Además cobran por cada operación de compraventa. Sumando todo, el banco se lleva más que los propios rendimientos del portfolio. Un coste completamente injustificado.","Comisiones de custodia de valores que superan los rendimientos del portfolio","Pricing"
"2","El trato que recibí en la oficina fue condescendiente y poco profesional. El empleado me habló como si no entendiese nada de finanzas y respondió con impaciencia cuando pregunté. Me fui sintiéndome un cliente de segunda. Inaceptable en un banco que dice valorar a sus clientes.","Trato condescendiente e irrespetuoso por parte de empleado de sucursal","Personal"
"8","Los cajeros del banco están distribuidos por toda la ciudad y rara vez están fuera de servicio. El proceso de operación es rápido e intuitivo. Además puedo hacer ingresos en efectivo en la mayoría de ellos. Un servicio de cajeros fiable y bien mantenido.","Buena disponibilidad y mantenimiento de la red de cajeros","Canales"
"2","Me aprobaron una línea de crédito de 20.000 euros pero con tantas condiciones que es casi imposible usarla: avales necesarios, revisión trimestral y posibilidad de cancelación unilateral por el banco. Más que un producto de financiación parece una trampa llena de restricciones.","Línea de crédito con condiciones restrictivas que dificultan su uso","Productos"
"9","Las transferencias inmediatas funcionan perfectamente 24 horas al día los trescientos sesenta y cinco días de la semana. El dinero llega en menos de veinte segundos. Sin límite de horario ni recargo adicional. Para operaciones urgentes es una funcionalidad imprescindible que este banco tiene perfectamente implementada.","Transferencias inmediatas disponibles 24/7 sin costes adicionales","Canales"
"1","Me notificaron por carta que subían las comisiones de mantenimiento un 40% con solo diez días de preaviso. Sin posibilidad de negociación. Un cambio unilateral de condiciones que vulnera la confianza del cliente y me obliga a buscar alternativas urgentemente.","Subida unilateral de comisiones con preaviso mínimo sin posibilidad de negociación","Pricing"
"9","Por domiciliar cuatro recibos en la cuenta me eliminaron todas las comisiones y me redujeron el diferencial de la hipoteca en quince puntos básicos. El ahorro anual real es de más de 1.200 euros. Las condiciones de vinculación son alcanzables y los beneficios son tangibles.","Ahorro significativo por vinculación con condiciones de domiciliación alcanzables","Pricing"
"3","La cuenta empresarial tiene un límite de 3.000 euros diarios para transferencias que es insuficiente para mi negocio. Los pagos internacionales requieren solicitud previa con tres días de antelación. Las comisiones son elevadas. Para una pyme es un producto completamente inadecuado.","Cuenta empresarial con límites operativos y comisiones inadecuadas para pymes","Productos"
"9","La banca online permite gestionar absolutamente todo: contratar productos, ver histórico de cinco años, descargar certificados y configurar alertas. Los tiempos de carga son rápidos incluso en conexión lenta. Es la plataforma web bancaria más completa que he usado.","Banca online completa y rápida con acceso a histórico extenso","Canales"
"1","La app me bloqueó la cuenta sin motivo aparente justo antes de un viaje importante. No pude operar durante cuatro días. El proceso de desbloqueo requirió ir a la oficina con documentación original. Nadie me explicó por qué se bloqueó. Un sistema de seguridad que penaliza al cliente legítimo.","Bloqueo injustificado de cuenta por la app en momento crítico sin explicación","Canales"
"2","La oficina solo abre de lunes a viernes de 8:30 a 14:00. Para alguien que trabaja en esas horas es imposible ir. No tienen horario de tarde ni sábados. La única alternativa es pedir cita con semanas de antelación. El banco no se ha adaptado a los horarios reales de la vida laboral.","Horario de sucursal incompatible con jornada laboral sin alternativa de tarde o sábado","Canales"
"10","La tarjeta de débito funciona perfectamente en cuarenta países sin comisión. Tengo notificaciones instantáneas de cada pago, puedo bloquearla desde la app en segundos y gestionar el límite diario yo mismo. Es la tarjeta más completa que he tenido en todos mis años como cliente bancario.","Tarjeta débito internacional completa con control total desde app","Productos"
"1","Cuando quise cancelar el préstamo hipotecario anticipadamente me cobraron una penalización del 1% sobre el capital pendiente que nadie me había explicado al contratar. En letra pequeña de un contrato de sesenta páginas. Me costó 3.000 euros que no tenía previstos.","Penalización hipotecaria no informada al contratar descubierta en letra pequeña","Pricing"
"4","El sistema de cita previa online falla constantemente. A veces te confirma la cita pero no aparece en el sistema cuando llegas. He llegado con cita reservada dos veces y me han dicho que no constaba. Un sistema de gestión de citas completamente poco fiable.","Sistema de cita previa con fallos que invalidan reservas confirmadas","Canales"
"4","Los agentes del call center no tienen capacidad para tomar ninguna decisión autónoma. Todo lo derivan a la oficina o a otro departamento. Son incapaces de resolver nada por sí mismos. El canal telefónico existe pero no sirve para gestiones que requieran alguna resolución.","Agentes telefónicos sin autonomía para resolver incidencias de forma independiente","Personal"
"10","Tuve una situación económica muy difícil y mi asesora me ayudó a reestructurar mis deudas sin juzgarme. Me propuso un plan realista y me fue acompañando durante todo el proceso. Gracias a su gestión pude superar una situación que parecía imposible. Le estaré siempre agradecido.","Asesora empática que gestionó reestructuración de deuda con éxito en momento difícil","Personal"
"10","El servicio de banca privada es excepcional. Mi asesor dedica tiempo real a conocer mis objetivos y personales. Las reuniones de seguimiento son frecuentes y productivas. Me siento completamente acompañado en cada decisión financiera importante. Justifica ampliamente lo que cuesta.","Excelente servicio de banca privada con asesoramiento personalizado profundo","Personal"
"3","El depósito a plazo que contraté al 3% al vencimiento había aplicado el interés sobre el saldo neto de comisiones de cuenta. La rentabilidad real fue del 2.8%. Una forma opaca de reducir el tipo efectivo que no se explica en la publicidad del producto.","Rentabilidad real del depósito reducida por comisiones de cuenta no comunicadas","Pricing"
"10","Este banco no cobra comisión de ningún tipo: ni por mantenimiento de cuenta, ni por transferencias nacionales, ni por usar cajeros propios o de otras entidades. Todo incluido sin condiciones ocultas. No esperaba encontrar un banco sin comisiones con tan buen servicio integral.","Cero comisiones en todos los servicios sin condiciones ocultas","Pricing"
"2","Me acaban de cobrar 4 euros por recibir una transferencia desde el extranjero. Esta comisión no aparece en el resumen de tarifas principal sino en un anexo de treinta páginas. Esta opacidad en los precios parece diseñada para que el cliente no se entere hasta que ya es tarde.","Comisión por transferencia recibida oculta en documentación extensa y difícil de encontrar","Pricing"
"8","El proceso de firma de la hipoteca fue ágil y sin sorpresas. Me asignaron un gestor exclusivo que me acompañó en cada paso. Las condiciones acordadas al inicio fueron exactamente las que firmé. Después de diez años siendo cliente, es la mejor decisión financiera que he tomado con este banco.","Proceso hipotecario ágil y transparente sin cambios en condiciones","Productos"
"2","El proceso de solicitud de la hipoteca fue un desastre total. Me pidieron la misma documentación tres veces porque la perdían. Tardaron seis meses en darme respuesta. Cuando por fin aprobaron la hipoteca habían cambiado las condiciones iniciales. Perdí la reserva del piso por su ineficiencia.","Proceso hipotecario caótico con cambio de condiciones y documentación perdida","Productos"
"2","El tipo de interés del préstamo personal que me ofrecieron era del 16% TAE. Para un cliente con buen historial crediticio es completamente injustificado. Otros bancos online me ofrecían la mitad. Cuando intenté negociarlo me dijeron que era la tarifa estándar sin excepciones.","Tipo de interés del préstamo personal no competitivo ni negociable","Productos"
"1","Las comisiones de custodia de mi cartera de valores superan el 2% anual del patrimonio gestionado. Además cobran por cada operación de compraventa. Sumando todo, el banco se lleva más que los propios rendimientos del portfolio. Un coste completamente injustificado.","Comisiones de custodia de valores que superan los rendimientos del portfolio","Pricing"
"10","El servicio de banca privada es excepcional. Mi asesor dedica tiempo real a conocer mis objetivos y personales. Las reuniones de seguimiento son frecuentes y productivas. Me siento completamente acompañado en cada decisión financiera importante. Justifica ampliamente lo que cuesta.","Excelente servicio de banca privada con asesoramiento personalizado profundo","Personal"
"2","El teléfono de atención al cliente tiene una espera media de cuarenta y cinco minutos. El menú de voz tiene tres niveles de opciones antes de poder hablar con alguien. Muchas veces me han cortado la llamada en la espera. Es el canal más frustrante de todos los que ofrece el banco.","Esperas excesivas y menú telefónico complejo que dificulta contacto con agente","Canales"
"5","Las videollamadas con el banco están disponibles pero hay que reservarlas con tres días de antelación mínimo. La imagen es buena pero el audio falla a veces. Para gestiones urgentes no es una opción viable. Como complemento al canal presencial cumple pero podría ser más ágil.","Videoconferencia disponible pero con limitaciones de disponibilidad y audio","Canales"
"2","La oficina solo abre de lunes a viernes de 8:30 a 14:00. Para alguien que trabaja en esas horas es imposible ir. No tienen horario de tarde ni sábados. La única alternativa es pedir cita con semanas de antelación. El banco no se ha adaptado a los horarios reales de la vida laboral.","Horario de sucursal incompatible con jornada laboral sin alternativa de tarde o sábado","Canales"
"9","La empleada de ventanilla que me atendió fue muy amable y eficiente. Resolvió mi consulta en cinco minutos, me explicó todas las opciones disponibles y me ayudó a elegir la mejor. Una atención presencial que supera las expectativas.","Atención eficiente y amable en ventanilla con buena orientación al cliente","Personal"
"10","La tarjeta premium tiene acceso a novecientas salas VIP en aeropuertos de todo el mundo, seguro de viaje completo y cashback del 2.5% en todas las compras. Con los beneficios que uso mensualmente la cuota se paga sola. Es el mejor producto financiero que he contratado.","Alta satisfacción con beneficios completos de tarjeta premium","Productos"
"9","Las transferencias inmediatas funcionan perfectamente 24 horas al día los 365 días de la semana. El dinero llega en menos de veinte segundos. Sin límite de horario ni recargo adicional. Para operaciones urgentes es una funcionalidad imprescindible que este banco tiene perfectamente implementada.","Transferencias inmediatas disponibles 24/7 sin costes adicionales","Canales"
"2","La cuenta de ahorro ofrece un 0.05% de interés anual. Con la inflación actual eso significa perder poder adquisitivo cada año. Hay opciones en el mercado que ofrecen 2.5% sin vinculación alguna. Mantener dinero aquí es claramente la peor decisión financiera posible para el ahorro.","Rentabilidad de cuenta ahorro muy por debajo de alternativas del mercado","Productos"
"2","El asesor comercial me presionó para contratar un producto de inversión que no necesitaba sin explicarme los riesgos. Fue evasivo con mis preguntas. Meses después el producto acumulaba pérdidas significativas. Cuando reclamé me dijo que yo había firmado el contrato. Una mala praxis comercial inaceptable.","Venta agresiva de producto inadecuado sin transparencia sobre riesgos reales","Personal"
"1","El tipo de interés del préstamo personal que me ofrecieron era del 19% TAE. Para un cliente con buen historial crediticio es completamente injustificado. Otros bancos online me ofrecían la mitad. Cuando intenté negociarlo me dijeron que era la tarifa estándar sin excepciones.","Tipo de interés del préstamo personal no competitivo ni negociable","Productos"
"9","Cuando tengo dudas sobre productos o normativa fiscal los empleados del banco siempre me dan información correcta y actualizada. Me parece que el banco invierte en formación continua de su plantilla. Eso se nota y se agradece cuando uno necesita asesoramiento de verdad.","Personal bien formado que da información correcta y actualizada sobre productos y fiscalidad","Personal"
"10","Este banco no cobra comisión de ningún tipo: ni por mantenimiento de cuenta, ni por transferencias nacionales, ni por usar cajeros propios o de otras entidades. Todo incluido sin condiciones ocultas. No esperaba encontrar un banco sin comisiones con tan buen servicio integral.","Cero comisiones en todos los servicios sin condiciones ocultas","Pricing"
"9","Mi gestor me responde por mensaje en menos de una hora en horario laboral. No necesito llamar ni ir a la oficina para resolver dudas rápidas. Esta disponibilidad ágil transforma la relación con el banco. Se siente como tener un asesor de confianza siempre disponible.","Gestor muy accesible por mensajería con respuesta rápida","Personal"
"2","Mi reclamación formal lleva cuatro meses sin resolución. Me han llamado dos veces para pedirme más información que ya había enviado. Cada llamada es de una persona diferente que no conoce el caso. El proceso de reclamaciones parece diseñado para que el cliente se rinda.","Proceso de reclamación prolongado con falta de coordinación interna y seguimiento","Personal"
"9","El seguro de hogar del banco tiene una cobertura excelente: daños por agua, robo, responsabilidad civil y asistencia 24 horas. El precio es competitivo. Cuando tuve una fuga de agua me enviaron un técnico en menos de tres horas y cubrieron todos los gastos sin discusión.","Satisfacción con cobertura y rapidez de respuesta del seguro de hogar","Productos"
"5","Los cajeros funcionan correctamente para las operaciones básicas. Sin embargo algunos modelos más antiguos tienen la pantalla muy deteriorada y es difícil leer. Para ingresar efectivo solo funcionan dos de los cuatro cajeros de mi oficina habitual. Podría mejorarse la inversión en mantenimiento.","Funcionamiento básico de cajeros con deterioro en equipos más antiguos","Canales"
"9","Las transferencias inmediatas funcionan perfectamente 24 horas al día los trescientos sesenta y cinco días de la semana. El dinero llega en menos de treinta segundos. Sin límite de horario ni recargo adicional. Para operaciones urgentes es una funcionalidad imprescindible que este banco tiene perfectamente implementada.","Transferencias inmediatas disponibles 24/7 sin costes adicionales","Canales"
"2","La cuenta de ahorro da un 0.1% de interés anual. Con la inflación actual es perder dinero en términos reales. Hay alternativas en el mercado que ofrecen 3.5% sin condiciones. Mantener aquí el ahorro es la peor decisión financiera posible.","Rentabilidad de cuenta ahorro por debajo de inflación y de alternativas del mercado","Pricing"
"9","La posibilidad de hacer videollamadas con mi gestor desde casa es muy cómoda. La calidad de imagen y sonido es buena. Puedo firmar documentos digitalmente durante la llamada. Me ahorra desplazamientos para gestiones importantes. Es una funcionalidad que debería ser estándar en todos los bancos.","Satisfacción con videollamada con gestor para firma digital de documentos","Canales"
"8","La banca online permite gestionar absolutamente todo: contratar productos, ver histórico de siete años, descargar certificados y configurar alertas. Los tiempos de carga son rápidos incluso en conexión lenta. Es la plataforma web bancaria más completa que he usado.","Banca online completa y rápida con acceso a histórico extenso","Canales"
"9","Contraté la hipoteca verde porque la vivienda tiene certificado energético A y me aplicaron un diferencial quince puntos básicos menor. El ahorro a largo plazo es considerable. Además, el banco planta un árbol por cada hipoteca verde contratada. Un producto bien diseñado con impacto real.","Satisfacción con hipoteca verde y beneficio por eficiencia energética","Productos"
"10","Este banco no cobra comisión de ningún tipo: ni por mantenimiento de cuenta, ni por transferencias nacionales, ni por usar cajeros propios o de otras entidades. Todo incluido sin condiciones ocultas. No esperaba encontrar un banco sin comisiones con tan buen servicio integral.","Cero comisiones en todos los servicios sin condiciones ocultas","Pricing"
"9","Sin cajeros del propio banco en el extranjero puedo sacar efectivo en cualquier cajero de Europa sin comisión gracias a mi tarjeta. En cinco países diferentes nunca he pagado nada extra. Para un viajero frecuente es un beneficio en precios que marca la diferencia.","Sin comisión por retirada en cajeros europeos para clientes viajeros","Pricing"
"8","La línea de crédito para mi empresa es muy flexible: solo pago intereses sobre el importe que uso, no sobre el total disponible. Puedo disponer y devolver cuando quiero. El tipo es competitivo para el mercado actual. Es el producto de financiación más útil que tengo contratado.","Satisfacción con flexibilidad y coste de línea de crédito empresarial","Productos"
"3","La tarjeta de crédito tiene una cuota anual de 150 euros y los beneficios no justifican ese coste. El cashback es del 0.3% y los seguros de viaje tienen tantas exclusiones que son prácticamente inútiles. Pago por una tarjeta que no me aporta valor real.","Cuota anual de tarjeta no compensada por los beneficios reales que ofrece","Pricing"
"10","Bizum funciona perfectamente desde la app. En menos de quince segundos puedo enviar o solicitar dinero a cualquier contacto. Las solicitudes de pago también funcionan muy bien. Lo uso a diario para dividir gastos y nunca ha fallado. Simplísimo y fiable.","Satisfacción total con Bizum integrado en app por velocidad y fiabilidad","Canales"
"2","El seguro de vida vinculado a la hipoteca tiene unas condiciones abusivas. Me cobran 80 euros al mes por una cobertura que apenas protege el 50% de la deuda. Cuando quise cancelarlo me dijeron que tenía penalización de dos años de primas. Me siento completamente atrapado.","Seguro de vida vinculado a hipoteca con condiciones abusivas y cancelación penalizada","Productos"
"3","Cobran comisión por hacer una transferencia SEPA dentro de la Unión Europea. Esto lleva años siendo contrario a la normativa europea. Ellos la envuelven como gasto de gestión pero es lo mismo. Una práctica que perjudica al cliente y que debería estar prohibida.","Cobro encubierto por transferencia SEPA contrario a regulación europea","Pricing"
"8","El director de la oficina intervino personalmente para resolver una incidencia compleja que otros empleados no habían podido solucionar. Fue directo, eficiente y empático. En menos de veinte minutos el problema estaba resuelto. Un directivo que lidera con el ejemplo.","Director de oficina que interviene eficazmente para resolver incidencias complejas","Personal"
"9","La posibilidad de hacer videollamadas con mi gestor desde casa es muy cómoda. La calidad de imagen y sonido es buena. Puedo firmar documentos digitalmente durante la llamada. Me ahorra desplazamientos para gestiones importantes. Es una funcionalidad que debería ser estándar en todos los bancos.","Satisfacción con videollamada con gestor para firma digital de documentos","Canales"
"4","El seguro de vida vinculado a la hipoteca me cuesta 80 euros al mes. Comparado con el mismo seguro en una aseguradora externa me cobran el doble. La razón es que el banco tiene margen sobre el seguro vinculado. Un precio abusivo aprovechando la posición de dominio.","Prima de seguro de vida vinculado a hipoteca muy superior al precio de mercado","Pricing"
"10","La cuenta nómina no tiene ninguna comisión con solo domiciliar la nómina. Incluye seguro de accidentes, descuento del 0.15% en la hipoteca y tarjeta sin cuota anual. El conjunto de beneficios supera con creces lo que me cobrarían en otros bancos por servicios equivalentes.","Cuenta nómina con amplio paquete de beneficios por vinculación","Productos"
"6","El equipo comercial llama con demasiada frecuencia para ofrecer productos. En el último mes he recibido cinco llamadas no solicitadas. Entiendo que hay objetivos comerciales pero la insistencia genera rechazo. Una política de contacto más moderada sería más efectiva.","Exceso de llamadas comerciales no solicitadas que genera rechazo en el cliente","Personal"
"2","El trato que recibí en la oficina fue condescendiente y poco profesional. El empleado me habló como si no entendiese nada de finanzas y respondió con impaciencia cuando pregunté. Me fui sintiéndome un cliente de segunda. Inaceptable en un banco que dice valorar a sus clientes.","Trato condescendiente e irrespetuoso por parte de empleado de sucursal","Personal"
"1","La cola en la oficina era de más de una hora el martes por la mañana con solo dos empleados para atender a más de veinticinco personas. El sistema de cita previa falla y no deja reservar. Es un servicio completamente colapsado que no funciona.","Colapso total en atención presencial de la sucursal sin cita previa funcional","Canales"
"4","El depósito a plazo que contraté al 3% al vencimiento había aplicado el interés sobre el saldo neto de comisiones de cuenta. La rentabilidad real fue del 2.8%. Una forma opaca de reducir el tipo efectivo que no se explica en la publicidad del producto.","Rentabilidad real del depósito reducida por comisiones de cuenta no comunicadas","Pricing"
"2","Al intentar hacer una transferencia urgente de 5.000 euros la plataforma online me la bloqueó sin explicación. Tardé dos días en desbloquearla. Tuve que ir a la oficina con documentación. La incidencia me generó problemas graves con el receptor del pago. Inaceptable.","Bloqueo injustificado de transferencia urgente con proceso de desbloqueo presencial","Canales"
"2","El fondo de inversión activo que me recomendaron ha perdido un 15% en dos años mientras el índice de referencia subía. Las comisiones de gestión superan el 1.8% anual. Me siento engañado por un producto que prometía rendimientos superiores al mercado y no ha cumplido.","Pérdidas en fondo activo con comisiones altas sin justificación de rendimiento","Productos"
"6","Contraté un renting de coche a través del banco y el proceso fue muy sencillo. La cuota mensual incluye seguro, mantenimiento y cambio de neumáticos. Sin sorpresas ni costes adicionales. Para alguien que no quiere preocuparse por el coche es una solución cómoda y predecible.","Satisfacción con producto de renting de vehículo integrado con banco","Productos"
"7","El tipo de interés de la hipoteca variable es Euríbor más 0.75%. Un diferencial muy competitivo. Además puedo hacer novación a tipo fijo sin coste en cualquier momento. Esta flexibilidad en el precio de la hipoteca me parece un valor diferencial importante.","Diferencial hipotecario competitivo con opción de novación a fijo sin coste","Pricing"
"9","La cuenta de ahorro da un 3% TAE sin vinculaciones obligatorias ni plazos mínimos. El dinero está disponible en cualquier momento. Con la inflación controlándose es una buena opción para el ahorro a corto plazo. El mejor tipo que he encontrado en banca tradicional.","Cuenta ahorro con tipo competitivo y disponibilidad inmediata sin condiciones","Pricing"
"2","Las comisiones de gestión del fondo de inversión activo que contraté superan el 1.8% anual. Con esa carga el fondo debe batir al mercado solo para empatar. En la práctica raramente lo consigue. Estoy pagando mucho por un rendimiento que podría obtener gratis con un indexado.","Comisiones de fondo activo que anulan cualquier posibilidad de rendimiento superior","Pricing"
"9","Desde la app puedo retirar efectivo en cualquier cajero del banco sin tarjeta física usando solo el móvil. Genero un código QR y lo escaneo en el cajero. Es muy útil cuando olvido la cartera. Una funcionalidad práctica que no he visto en otros bancos.","Extracción de efectivo sin tarjeta mediante código QR desde app","Canales"
"4","El horario del servicio telefónico es de 8:00 a 20:00. Si tienes una urgencia fuera de ese horario no puedes contactar con nadie. Para bloquear una tarjeta o reportar un fraude en fin de semana hay un número de emergencias pero no sirve para nada más. Muy limitado.","Horario de atención telefónica limitado sin cobertura para urgencias generales","Canales"
"9","Contraté la hipoteca verde porque la vivienda tiene certificado energético A y me aplicaron un diferencial veinte puntos básicos menor. El ahorro a largo plazo es considerable. Además, el banco planta un árbol por cada hipoteca verde contratada. Un producto bien diseñado con impacto real.","Satisfacción con hipoteca verde y beneficio por eficiencia energética","Productos"
"8","Sin cajeros del propio banco en el extranjero puedo sacar efectivo en cualquier cajero de Europa sin comisión gracias a mi tarjeta. En doce países diferentes nunca he pagado nada extra. Para un viajero frecuente es un beneficio en precios que marca la diferencia.","Sin comisión por retirada en cajeros europeos para clientes viajeros","Pricing"
"4","Cada vez que voy a la oficina o llamo me atiende una persona diferente y nadie conoce mi historial. Tengo que repetir siempre la misma información desde cero. Esta descoordinación interna hace la relación con el banco completamente impersonal y frustrante.","Descoordinación interna que obliga al cliente a repetir información en cada contacto","Personal"
"9","La cuenta nómina no tiene comisión de mantenimiento con solo domiciliar la nómina. Una condición muy sencilla que me da acceso a tarjeta de débito gratuita y transferencias sin coste. La mejor relación precio-valor que he encontrado en la banca tradicional.","Cuenta nómina sin comisión con condición de domiciliación sencilla y alcanzable","Pricing"
"9","Las transferencias inmediatas funcionan perfectamente 24 horas al día los 365 días de la semana. El dinero llega en menos de veinte segundos. Sin límite de horario ni recargo adicional. Para operaciones urgentes es una funcionalidad imprescindible que este banco tiene perfectamente implementada.","Transferencias inmediatas disponibles 24/7 sin costes adicionales","Canales"
"3","Me cobraron 0.30 euros por consultar el saldo en un cajero de otra entidad. En la era del banco digital cobrar por consultar tu propio saldo es completamente anacrónico. Además no me lo informaron al contratar la cuenta. Una comisión pequeña pero muy reveladora de la cultura del banco.","Comisión por consulta de saldo en cajero ajeno anacrónica y no informada al contratar","Pricing"
"7","La cuenta empresarial me permite gestionar cobros, pagos a proveedores y nóminas todo desde la misma plataforma. Las transferencias nacionales son inmediatas. El 10% de descuento en el TPV es un ahorro real. Para mi pequeño negocio es la solución ideal.","Satisfacción con funcionalidades de cuenta empresarial para pequeño negocio","Productos"
"2","Me aprobaron una línea de crédito de 15.000 euros pero con tantas condiciones que es casi imposible usarla: avales necesarios, revisión trimestral y posibilidad de cancelación unilateral por el banco. Más que un producto de financiación parece una trampa llena de restricciones.","Línea de crédito con condiciones restrictivas que dificultan su uso","Productos"
"3","Cuando quise cancelar el préstamo personal anticipadamente me cobraron una penalización del 3% sobre el capital pendiente. Esto no me lo explicaron al contratar. Lo descubrí en un anexo de cuarenta páginas del contrato. Me costó más cancelar que terminar de pagar los plazos.","Penalización por cancelación anticipada de préstamo no informada al contratar","Productos"
"10","Cuando presenté una reclamación formal me llamaron en menos de 36 horas para darme respuesta. La persona fue empática y resolvió el problema de forma justa devolviendo el importe en el acto. Una gestión de reclamaciones que genera confianza y fidelidad.","Resolución rápida y justa de reclamación con devolución inmediata","Personal"
"6","Las videollamadas con el banco están disponibles pero hay que reservarlas con dos días de antelación mínimo. La imagen es buena pero el audio falla a veces. Para gestiones urgentes no es una opción viable. Como complemento al canal presencial cumple pero podría ser más ágil.","Videoconferencia disponible pero con limitaciones de disponibilidad y audio","Canales"
"2","Al intentar hacer una transferencia urgente de 2.000 euros la plataforma online me la bloqueó sin explicación. Tardé tres días en desbloquearla. Tuve que ir a la oficina con documentación. La incidencia me generó problemas graves con el receptor del pago. Inaceptable.","Bloqueo injustificado de transferencia urgente con proceso de desbloqueo presencial","Canales"
"2","El renting que me ofrecieron tenía una letra pequeña con penalizaciones por exceso de kilómetros que triplicaban la cuota mensual. Nadie me lo explicó claramente. Al entregar el coche me pasaron una factura inesperada de 1.500 euros. Un producto poco transparente y con sorpresas al final.","Penalizaciones ocultas en contrato de renting no explicadas al contratar","Productos"
"10","La cuenta nómina no tiene ninguna comisión con solo domiciliar la nómina. Incluye seguro de accidentes, descuento del 0.2% en la hipoteca y tarjeta sin cuota anual. El conjunto de beneficios supera con creces lo que me cobrarían en otros bancos por servicios equivalentes.","Cuenta nómina con amplio paquete de beneficios por vinculación","Productos"
"2","El director de la oficina fue muy brusco cuando presenté una reclamación formal. Me interrumpió varias veces y minimizó mi problema. Al final me remitió a enviar un email sin resolver nada. Me fui de la oficina sintiéndome humillado y sin solución.","Trato irrespetuoso del director de oficina ante reclamación formal del cliente","Personal"
"10","Este banco no cobra comisión de ningún tipo: ni por mantenimiento de cuenta, ni por transferencias nacionales, ni por usar cajeros propios o de otras entidades. Todo incluido sin condiciones ocultas. No esperaba encontrar un banco sin comisiones con tan buen servicio integral.","Cero comisiones en todos los servicios sin condiciones ocultas","Pricing"
"10","La hipoteca a tipo fijo que firmé tiene unas condiciones inmejorables: sin comisión de apertura, sin penalización por amortizaciones anticipadas y con un tipo del 2.75%. Comparé con cuatro bancos y este fue claramente el más competitivo. El proceso fue transparente de principio a fin.","Satisfacción con condiciones competitivas de hipoteca fija","Productos"
"10","La app móvil es increíblemente rápida e intuitiva. En menos de cuarenta segundos puedo hacer cualquier gestión: transferencias, inversiones, consultar movimientos o hablar con mi gestor. El diseño es moderno y nunca se cuelga. Es la mejor aplicación bancaria que he usado.","Excelente experiencia de uso de la app móvil en velocidad y diseño","Canales"
"8","Contraté un renting de coche a través del banco y el proceso fue muy sencillo. La cuota mensual incluye seguro, mantenimiento y cambio de neumáticos. Sin sorpresas ni costes adicionales. Para alguien que no quiere preocuparse por el coche es una solución cómoda y predecible.","Satisfacción con producto de renting de vehículo integrado con banco","Productos"
"9","El préstamo personal se resolvió en menos de 36 horas desde la solicitud online. Las condiciones eran exactamente las del simulador. Sin seguros vinculados obligatorios y con posibilidad de amortización anticipada sin coste. Para una urgencia económica es la solución perfecta.","Préstamo personal aprobado en tiempo récord sin condiciones abusivas","Productos"
"2","Me aprobaron una línea de crédito de 50.000 euros pero con tantas condiciones que es casi imposible usarla: avales necesarios, revisión trimestral y posibilidad de cancelación unilateral por el banco. Más que un producto de financiación parece una trampa llena de restricciones.","Línea de crédito con condiciones restrictivas que dificultan su uso","Productos"
"3","Me cobraron 0.30 euros por consultar el saldo en un cajero de otra entidad. En la era del banco digital cobrar por consultar tu propio saldo es completamente anacrónico. Además no me lo informaron al contratar la cuenta. Una comisión pequeña pero muy reveladora de la cultura del banco.","Comisión por consulta de saldo en cajero ajeno anacrónica y no informada al contratar","Pricing"
"4","Mi tarjeta de crédito tiene un límite de 1.000 euros que no me suben desde hace cuatro años aunque lo solicito cada seis meses. Con ese límite no puedo hacer reservas de hotel ni alquilar coches en el extranjero. Es un producto completamente inútil para mis necesidades actuales.","Límite de crédito insuficiente sin posibilidad de ampliación tras múltiples solicitudes","Productos"
"9","El seguro de hogar del banco tiene una cobertura excelente: daños por agua, robo, responsabilidad civil y asistencia 24 horas. El precio es competitivo. Cuando tuve una fuga de agua me enviaron un técnico en menos de cuatro horas y cubrieron todos los gastos sin discusión.","Satisfacción con cobertura y rapidez de respuesta del seguro de hogar","Productos"
"2","La página web del banco es lentísima. Para ver los movimientos del último mes tarda más de cuarenta segundos en cargar. Además falla constantemente en Chrome y Firefox. Cuando llamo para reportarlo me dicen que pruebe con otro navegador. Una solución inaceptable en pleno siglo XXI.","Web bancaria lenta y con errores en navegadores principales","Canales"
"9","Todo el equipo de mi oficina es extraordinariamente profesional. Siempre con una sonrisa, resuelven cualquier incidencia al momento y me hacen sentir un cliente importante. Es el nivel de servicio que no he encontrado en ningún otro banco en diez años.","Excelencia generalizada en profesionalidad y calidez del equipo de la sucursal","Personal"
"4","El interés de la hipoteca variable que me ofrecieron es Euríbor más 1.5%. Comparado con el mercado actual es bastante caro. Cuando pedí mejora me dijeron que dependía de la vinculación con productos que no necesito. La mejora del precio condiciona a contratar más productos.","Diferencial hipotecario variable caro condicionado a vinculación de productos no deseados","Pricing"
"10","Cuando presenté una reclamación formal me llamaron en menos de 36 horas para darme respuesta. La persona fue empática y resolvió el problema de forma justa devolviendo el importe en el acto. Una gestión de reclamaciones que genera confianza y fidelidad.","Resolución rápida y justa de reclamación con devolución inmediata","Personal"
"2","El Bizum del banco tiene un límite de 200 euros diarios muy restrictivo comparado con otros bancos. Además hay un máximo de diez operaciones al día. Para alguien que usa Bizum para negocios pequeños estas limitaciones son un serio problema operativo.","Limitaciones excesivas de Bizum por importe y número de operaciones diarias","Canales"
"8","El chatbot resuelve perfectamente las consultas habituales: saldo, últimos movimientos, bloqueo de tarjeta o estado de una transferencia. Cuando no puede resolver algo deriva a un agente humano de forma fluida. Está disponible las veinticuatro horas y eso tiene mucho valor.","Chatbot funcional para gestiones habituales con derivación fluida a agente","Canales"
"3","Me cobraron 0.50 euros por consultar el saldo en un cajero de otra entidad. En la era del banco digital cobrar por consultar tu propio saldo es completamente anacrónico. Además no me lo informaron al contratar la cuenta. Una comisión pequeña pero muy reveladora de la cultura del banco.","Comisión por consulta de saldo en cajero ajeno anacrónica y no informada al contratar","Pricing"
"5","Los cajeros funcionan correctamente para las operaciones básicas. Sin embargo algunos modelos más antiguos tienen la pantalla muy deteriorada y es difícil leer. Para ingresar efectivo solo funcionan dos de los cinco cajeros de mi oficina habitual. Podría mejorarse la inversión en mantenimiento.","Funcionamiento básico de cajeros con deterioro en equipos más antiguos","Canales"
"3","La app no está optimizada para tablets. Los menús se ven cortados y muchos botones no responden. Tampoco funciona bien en el último sistema operativo iOS. Para una empresa bancaria que dice apostar por lo digital es una vergüenza tener una app tan mal adaptada.","App bancaria mal optimizada para tablets y versiones recientes de sistema operativo","Canales"
"3","Cada vez que voy a la oficina o llamo me atiende una persona diferente y nadie conoce mi historial. Tengo que repetir siempre la misma información desde cero. Esta descoordinación interna hace la relación con el banco completamente impersonal y frustrante.","Descoordinación interna que obliga al cliente a repetir información en cada contacto","Personal"
"9","Este banco no cobra comisión de ningún tipo: ni por mantenimiento de cuenta, ni por transferencias nacionales, ni por usar cajeros propios o de otras entidades. Todo incluido sin condiciones ocultas. No esperaba encontrar un banco sin comisiones con tan buen servicio integral.","Cero comisiones en todos los servicios sin condiciones ocultas","Pricing"
"10","Todo el equipo de mi oficina es extraordinariamente profesional. Siempre con una sonrisa, resuelven cualquier incidencia al momento y me hacen sentir un cliente importante. Es el nivel de servicio que no he encontrado en ningún otro banco en quince años.","Excelencia generalizada en profesionalidad y calidez del equipo de la sucursal","Personal"
"9","La app tiene reconocimiento facial y huella dactilar para acceder. El proceso es instantáneo y muy seguro. Además puedo personalizar el orden de los accesos directos según mis hábitos. La experiencia de usuario es la mejor que he tenido en cualquier app bancaria.","Excelente seguridad biométrica y personalización en la app","Canales"
"3","Los agentes del call center no tienen capacidad para tomar ninguna decisión autónoma. Todo lo derivan a la oficina o a otro departamento. Son incapaces de resolver nada por sí mismos. El canal telefónico existe pero no sirve para gestiones que requieran alguna resolución.","Agentes telefónicos sin autonomía para resolver incidencias de forma independiente","Personal"
"1","Las comisiones de custodia de mi cartera de valores superan el 1.5% anual del patrimonio gestionado. Además cobran por cada operación de compraventa. Sumando todo, el banco se lleva más que los propios rendimientos del portfolio. Un coste completamente injustificado.","Comisiones de custodia de valores que superan los rendimientos del portfolio","Pricing"
"4","El interés de la hipoteca variable que me ofrecieron es Euríbor más 1.5%. Comparado con el mercado actual es bastante caro. Cuando pedí mejora me dijeron que dependía de la vinculación con productos que no necesito. La mejora del precio condiciona a contratar más productos.","Diferencial hipotecario variable caro condicionado a vinculación de productos no deseados","Pricing"
"10","Cuando comparé hipotecas en el mercado este banco tenía el tipo fijo más bajo: un 2.9% frente a la media del 3.5% del sector. A veinticinco años de hipoteca la diferencia es de decenas de miles de euros. Una ventaja competitiva en precio que marca la elección.","Tipo fijo hipotecario más competitivo del mercado con ahorro objetivamente calculable","Pricing"
"3","El seguro de vida vinculado a la hipoteca me cuesta 90 euros al mes. Comparado con el mismo seguro en una aseguradora externa me cobran el doble. La razón es que el banco tiene margen sobre el seguro vinculado. Un precio abusivo aprovechando la posición de dominio.","Prima de seguro de vida vinculado a hipoteca muy superior al precio de mercado","Pricing"
"9","La tarjeta de débito funciona perfectamente en cuarenta países sin comisión. Tengo notificaciones instantáneas de cada pago, puedo bloquearla desde la app en segundos y gestionar el límite diario yo mismo. Es la tarjeta más completa que he tenido en todos mis años como cliente bancario.","Tarjeta débito internacional completa con control total desde app","Productos"
"5","El equipo comercial llama con demasiada frecuencia para ofrecer productos. En el último mes he recibido cinco llamadas no solicitadas. Entiendo que hay objetivos comerciales pero la insistencia genera rechazo. Una política de contacto más moderada sería más efectiva.","Exceso de llamadas comerciales no solicitadas que genera rechazo en el cliente","Personal"
"7","Al hablar en catalán el empleado me respondió en el mismo idioma sin ningún problema. Toda la documentación también está disponible en catalán. Es un detalle que valoro mucho y que demuestra respeto por la diversidad lingüística de los clientes.","Atención en lengua propia y documentación en catalán disponible en la sucursal","Personal"
"2","Al intentar hacer una transferencia urgente de 2.000 euros la plataforma online me la bloqueó sin explicación. Tardé dos días en desbloquearla. Tuve que ir a la oficina con documentación. La incidencia me generó problemas graves con el receptor del pago. Inaceptable.","Bloqueo injustificado de transferencia urgente con proceso de desbloqueo presencial","Canales"
"7","El servicio telefónico resuelve bien las consultas básicas de forma rápida. Para gestiones más complejas hay que esperar más tiempo pero eventualmente se resuelven. La calidad del servicio depende mucho de qué agente te toca. Bastante desigual pero en promedio funciona.","Calidad de atención telefónica variable según agente con resultado promedio aceptable","Personal"
"1","Las comisiones de gestión del fondo de inversión activo que contraté superan el 2.2% anual. Con esa carga el fondo debe batir al mercado solo para empatar. En la práctica raramente lo consigue. Estoy pagando mucho por un rendimiento que podría obtener gratis con un indexado.","Comisiones de fondo activo que anulan cualquier posibilidad de rendimiento superior","Pricing"
"3","Los empleados de la oficina no están actualizados sobre los productos digitales del banco. Cuando pregunté por una funcionalidad de la app me dieron información que llevaba meses obsoleta. Si ellos no saben cómo funcionan sus propios productos, ¿cómo van a asesorar a los clientes?","Personal no actualizado sobre productos y funcionalidades digitales del propio banco","Personal"
"7","La cuenta sin comisiones tiene condiciones de vinculación alcanzables: nómina superior a 800 euros o cuatro recibos domiciliados. No te exigen ser un gran cliente para acceder a las ventajas. Es una propuesta justa que permite a cualquier cliente evitar las comisiones.","Condiciones de exención de comisiones alcanzables para el cliente medio","Pricing"
"7","El crédito al consumo lo aprobaron en veinte minutos de forma completamente online. Sin papeleo, sin ir a la oficina. El tipo fue razonable y las condiciones claras desde el principio. Para una compra importante es una alternativa cómoda y sin sorpresas.","Crédito al consumo aprobado digitalmente con rapidez y condiciones claras","Productos"
"6","Las comisiones del banco están en la media del mercado. Ni muy baratas ni muy caras. Los precios están documentados en la web aunque hay que buscarlos un poco. No tengo quejas pero tampoco motivos para recomendarlos especialmente por precio frente a alternativas más económicas.","Estructura de precios media del mercado sin ventajas ni desventajas competitivas claras","Pricing"
"9","El proceso de firma de la hipoteca fue ágil y sin sorpresas. Me asignaron un gestor exclusivo que me acompañó en cada paso. Las condiciones acordadas al inicio fueron exactamente las que firmé. Después de seis años siendo cliente, es la mejor decisión financiera que he tomado con este banco.","Proceso hipotecario ágil y transparente sin cambios en condiciones","Productos"
"9","El pago por móvil funciona en todos los comercios con terminal contactless. La autenticación es instantánea con huella dactilar. Ya no necesito llevar la cartera para compras del día a día. La experiencia de pago es más rápida que con tarjeta física. Un avance real en comodidad.","Pago por móvil completamente funcional que elimina necesidad de cartera física","Canales"
"8","Mi gestora conoce perfectamente mi situación financiera, mis objetivos y mis aversiones al riesgo. Nunca me ha propuesto un producto que no se ajuste a mi perfil. Sus recomendaciones han sido siempre acertadas. Es exactamente el tipo de asesoramiento que espero de un banco de confianza.","Asesora con conocimiento profundo del perfil y objetivos del cliente","Personal"
"10","Cuando presenté una reclamación formal me llamaron en menos de 24 horas para darme respuesta. La persona fue empática y resolvió el problema de forma justa devolviendo el importe en el acto. Una gestión de reclamaciones que genera confianza y fidelidad.","Resolución rápida y justa de reclamación con devolución inmediata","Personal"
"4","En los últimos dos años he tenido cuatro gestores diferentes asignados. Cada cambio implica explicar toda mi situación desde cero porque nadie traspasa correctamente el histórico. Esta rotación constante hace imposible construir una relación bancaria de confianza.","Alta rotación de gestores que impide continuidad y relación de confianza","Personal"
"5","El equipo comercial llama con demasiada frecuencia para ofrecer productos. En el último mes he recibido cinco llamadas no solicitadas. Entiendo que hay objetivos comerciales pero la insistencia genera rechazo. Una política de contacto más moderada sería más efectiva.","Exceso de llamadas comerciales no solicitadas que genera rechazo en el cliente","Personal"
"9","Cuando comparé hipotecas en el mercado este banco tenía el tipo fijo más bajo: un 3.0% frente a la media del 3.2% del sector. A veinticinco años de hipoteca la diferencia es de decenas de miles de euros. Una ventaja competitiva en precio que marca la elección.","Tipo fijo hipotecario más competitivo del mercado con ahorro objetivamente calculable","Pricing"
"2","Las comisiones de este banco son las más altas del mercado. Cobran 12 euros al mes solo por mantener la cuenta abierta. Por cada transferencia cobran 1 euros. Por sacar en cajero de otro banco otros 3 euros. Es un banco diseñado para ganar dinero con las comisiones.","Estructura de comisiones entre las más elevadas del mercado sin beneficios compensadores","Pricing"
"1","Cuando quise cancelar el préstamo hipotecario anticipadamente me cobraron una penalización del 1% sobre el capital pendiente que nadie me había explicado al contratar. En letra pequeña de un contrato de cuarenta páginas. Me costó 5.000 euros que no tenía previstos.","Penalización hipotecaria no informada al contratar descubierta en letra pequeña","Pricing"
"10","El servicio de banca privada es excepcional. Mi asesor dedica tiempo real a conocer mis objetivos y personales. Las reuniones de seguimiento son frecuentes y productivas. Me siento completamente acompañado en cada decisión financiera importante. Justifica ampliamente lo que cuesta.","Excelente servicio de banca privada con asesoramiento personalizado profundo","Personal"
"9","Contraté la hipoteca verde porque la vivienda tiene certificado energético A y me aplicaron un diferencial diez puntos básicos menor. El ahorro a largo plazo es considerable. Además, el banco planta un árbol por cada hipoteca verde contratada. Un producto bien diseñado con impacto real.","Satisfacción con hipoteca verde y beneficio por eficiencia energética","Productos"
"9","El proceso de firma de la hipoteca fue ágil y sin sorpresas. Me asignaron un gestor exclusivo que me acompañó en cada paso. Las condiciones acordadas al inicio fueron exactamente las que firmé. Después de ocho años siendo cliente, es la mejor decisión financiera que he tomado con este banco.","Proceso hipotecario ágil y transparente sin cambios en condiciones","Productos"
"1","El asesor comercial me presionó para contratar un producto de inversión que no necesitaba sin explicarme los riesgos. Fue evasivo con mis preguntas. Meses después el producto acumulaba pérdidas significativas. Cuando reclamé me dijo que yo había firmado el contrato. Una mala praxis comercial inaceptable.","Venta agresiva de producto inadecuado sin transparencia sobre riesgos reales","Personal"
"8","La cuenta sin comisiones tiene condiciones de vinculación alcanzables: nómina superior a 800 euros o tres recibos domiciliados. No te exigen ser un gran cliente para acceder a las ventajas. Es una propuesta justa que permite a cualquier cliente evitar las comisiones.","Condiciones de exención de comisiones alcanzables para el cliente medio","Pricing"
"8","Cuando llamé con una incidencia urgente me atendieron en menos de cuatro minutos. El agente fue directo y resolutivo. Solucionó el problema en la misma llamada sin derivarme a otro departamento. Una atención telefónica que raramente encuentro en otros bancos.","Atención telefónica rápida y resolutiva sin transferencias innecesarias","Canales"
"9","El proceso de firma de la hipoteca fue ágil y sin sorpresas. Me asignaron un gestor exclusivo que me acompañó en cada paso. Las condiciones acordadas al inicio fueron exactamente las que firmé. Después de diez años siendo cliente, es la mejor decisión financiera que he tomado con este banco.","Proceso hipotecario ágil y transparente sin cambios en condiciones","Productos"
"6","El Bizum funciona bien para pagos básicos entre contactos. El límite de 2.000 euros por operación cubre la mayoría de mis necesidades. Solo echo de menos poder programar Bizums recurrentes para pagos fijos mensuales. En general una funcionalidad bien integrada.","Satisfacción con Bizum con sugerencia de mejora para pagos recurrentes","Canales"
"10","Cuando presenté una reclamación formal me llamaron en menos de 48 horas para darme respuesta. La persona fue empática y resolvió el problema de forma justa devolviendo el importe en el acto. Una gestión de reclamaciones que genera confianza y fidelidad.","Resolución rápida y justa de reclamación con devolución inmediata","Personal"
"8","Cuando el banco me llama para ofrecerme algo siempre es algo que realmente me puede interesar según mi perfil. Nunca me han ofrecido algo completamente fuera de lugar. Se nota que hay un trabajo de segmentación detrás. Es una comercialización inteligente que no molesta.","Comercialización segmentada y relevante que el cliente valora positivamente","Personal"
"3","Los extractos de cuenta solo están disponibles online para los últimos seis meses. Para documentación más antigua hay que solicitarla en oficina con siete días de antelación y a veces cobran por ello. En plena era digital limitar el acceso al histórico es completamente injustificable.","Historial documental digital limitado con cobro por documentación antigua","Canales"
"10","La cuenta nómina no tiene ninguna comisión con solo domiciliar la nómina. Incluye seguro de accidentes, descuento del 0.3% en la hipoteca y tarjeta sin cuota anual. El conjunto de beneficios supera con creces lo que me cobrarían en otros bancos por servicios equivalentes.","Cuenta nómina con amplio paquete de beneficios por vinculación","Productos"
"7","El asesor de banca privada tiene buenos conocimientos de mercados y fiscalidad. Las reuniones son productivas aunque a veces me parece que intenta vender productos de la propia gestora del banco antes que opciones de terceros. En general el asesoramiento es de calidad.","Buen asesoramiento en banca privada con posible sesgo hacia productos propios","Personal"
"7","El precio del seguro de hogar es razonable para la cobertura que ofrece. He comparado con cinco aseguradoras y el banco está en la media del mercado pero con la ventaja de tenerlo todo centralizado. Sin vinculaciones obligatorias. Una opción equilibrada en precio.","Precio de seguro de hogar competitivo con ventaja de centralización sin vinculaciones","Pricing"
"1","Cuando quise cancelar el préstamo hipotecario anticipadamente me cobraron una penalización del 1% sobre el capital pendiente que nadie me había explicado al contratar. En letra pequeña de un contrato de cincuenta páginas. Me costó 2.500 euros que no tenía previstos.","Penalización hipotecaria no informada al contratar descubierta en letra pequeña","Pricing"
"10","Este banco no cobra comisión de ningún tipo: ni por mantenimiento de cuenta, ni por transferencias nacionales, ni por usar cajeros propios o de otras entidades. Todo incluido sin condiciones ocultas. No esperaba encontrar un banco sin comisiones con tan buen servicio integral.","Cero comisiones en todos los servicios sin condiciones ocultas","Pricing"
"9","El préstamo personal se resolvió en menos de 36 horas desde la solicitud online. Las condiciones eran exactamente las del simulador. Sin seguros vinculados obligatorios y con posibilidad de amortización anticipada sin coste. Para una urgencia económica es la solución perfecta.","Préstamo personal aprobado en tiempo récord sin condiciones abusivas","Productos"
"2","Los empleados de la oficina no están actualizados sobre los productos digitales del banco. Cuando pregunté por una funcionalidad de la app me dieron información que llevaba meses obsoleta. Si ellos no saben cómo funcionan sus propios productos, ¿cómo van a asesorar a los clientes?","Personal no actualizado sobre productos y funcionalidades digitales del propio banco","Personal"
"4","Cobran comisión por hacer una transferencia SEPA dentro de la Unión Europea. Esto lleva años siendo contrario a la normativa europea. Ellos la envuelven como gasto de gestión pero es lo mismo. Una práctica que perjudica al cliente y que debería estar prohibida.","Cobro encubierto por transferencia SEPA contrario a regulación europea","Pricing"
"9","Desde la app puedo contratar productos, hacer reclamaciones, firmar documentos y contactar con mi gestor por videollamada. Llevo dieciocho meses sin necesitar ir a la sucursal para nada. La digitalización del banco es genuina y no solo cosmética.","App completa que permite gestión íntegra sin visitar sucursal","Canales"
"3","Cuando mi madre mayor fue a la oficina a hacer una gestión sencilla el empleado le habló muy rápido con jerga financiera que ella no entendía. Nadie tuvo la paciencia de explicarle las cosas despacio. El banco necesita formación en atención a clientes mayores.","Falta de adaptación en la atención a clientes mayores con menor alfabetización financiera","Personal"
"9","El servicio de banca privada es excepcional. Mi asesor dedica tiempo real a conocer mis objetivos y personales. Las reuniones de seguimiento son frecuentes y productivas. Me siento completamente acompañado en cada decisión financiera importante. Justifica ampliamente lo que cuesta.","Excelente servicio de banca privada con asesoramiento personalizado profundo","Personal"
"8","El chatbot resuelve perfectamente las consultas habituales: saldo, últimos movimientos, bloqueo de tarjeta o estado de una transferencia. Cuando no puede resolver algo deriva a un agente humano de forma fluida. Está disponible las veinticuatro horas y eso tiene mucho valor.","Chatbot funcional para gestiones habituales con derivación fluida a agente","Canales"
"10","La tarjeta de débito funciona perfectamente en cincuenta países sin comisión. Tengo notificaciones instantáneas de cada pago, puedo bloquearla desde la app en segundos y gestionar el límite diario yo mismo. Es la tarjeta más completa que he tenido en todos mis años como cliente bancario.","Tarjeta débito internacional completa con control total desde app","Productos"
"7","El cashback del 3% en supermercados, gasolineras y restaurantes se aplica automáticamente sin activación manual. El mes pasado recuperé 50 euros solo con gastos habituales. Es un beneficio real y tangible que otros bancos no ofrecen con tanta sencillez.","Cashback automático aplicado correctamente en categorías de gasto cotidiano","Pricing"
"1","La oficina solo abre de lunes a viernes de 9:00 a 13:30. Para alguien que trabaja en esas horas es imposible ir. No tienen horario de tarde ni sábados. La única alternativa es pedir cita con semanas de antelación. El banco no se ha adaptado a los horarios reales de la vida laboral.","Horario de sucursal incompatible con jornada laboral sin alternativa de tarde o sábado","Canales"
"9","El cashback del 2% en supermercados, gasolineras y restaurantes se aplica automáticamente sin activación manual. El mes pasado recuperé 40 euros solo con gastos habituales. Es un beneficio real y tangible que otros bancos no ofrecen con tanta sencillez.","Cashback automático aplicado correctamente en categorías de gasto cotidiano","Pricing"
"3","Los empleados de la oficina no están actualizados sobre los productos digitales del banco. Cuando pregunté por una funcionalidad de la app me dieron información que llevaba meses obsoleta. Si ellos no saben cómo funcionan sus propios productos, ¿cómo van a asesorar a los clientes?","Personal no actualizado sobre productos y funcionalidades digitales del propio banco","Personal"
"8","El seguro de hogar del banco tiene una cobertura excelente: daños por agua, robo, responsabilidad civil y asistencia 24 horas. El precio es competitivo. Cuando tuve una fuga de agua me enviaron un técnico en menos de cuatro horas y cubrieron todos los gastos sin discusión.","Satisfacción con cobertura y rapidez de respuesta del seguro de hogar","Productos"
"2","La app se cierra sola tres o cuatro veces al día. He reportado el problema en cuatro ocasiones y solo me dicen que están trabajando en ello. Cada actualización empeora el rendimiento. Llevo tres meses con la misma situación sin ninguna solución.","Fallos recurrentes de estabilidad en la app sin resolución tras múltiples reportes","Canales"
"10","El plan de pensiones supera todas mis expectativas. La rentabilidad anual ha sido superior al 9% en los últimos tres años. Puedo cambiar el perfil de riesgo sin penalización y las comisiones de gestión son de las más bajas del sector. El mejor producto de ahorro a largo plazo que conozco.","Alta rentabilidad y bajas comisiones en plan de pensiones","Productos"
"3","El Bizum del banco tiene un límite de 300 euros diarios muy restrictivo comparado con otros bancos. Además hay un máximo de cinco operaciones al día. Para alguien que usa Bizum para negocios pequeños estas limitaciones son un serio problema operativo.","Limitaciones excesivas de Bizum por importe y número de operaciones diarias","Canales"
"3","El empleado de ventanilla que me atendió tenía poca formación sobre los productos digitales del banco. Me dio información incorrecta sobre una funcionalidad de la app. Si los empleados presenciales no conocen sus propios productos, ¿cómo pueden asesorar a los clientes?","Empleado de ventanilla con conocimiento insuficiente sobre productos digitales del banco","Personal"
"2","El seguro de vida vinculado a la hipoteca tiene unas condiciones abusivas. Me cobran 80 euros al mes por una cobertura que apenas protege el 70% de la deuda. Cuando quise cancelarlo me dijeron que tenía penalización de tres años de primas. Me siento completamente atrapado.","Seguro de vida vinculado a hipoteca con condiciones abusivas y cancelación penalizada","Productos"
"6","La cuenta sin comisiones tiene condiciones de vinculación alcanzables: nómina superior a 1.000 euros o dos recibos domiciliados. No te exigen ser un gran cliente para acceder a las ventajas. Es una propuesta justa que permite a cualquier cliente evitar las comisiones.","Condiciones de exención de comisiones alcanzables para el cliente medio","Pricing"
"4","En los últimos tres años he tenido cuatro gestores diferentes asignados. Cada cambio implica explicar toda mi situación desde cero porque nadie traspasa correctamente el histórico. Esta rotación constante hace imposible construir una relación bancaria de confianza.","Alta rotación de gestores que impide continuidad y relación de confianza","Personal"
"9","Cuando llamé con una incidencia urgente el agente me atendió en tres minutos y resolvió el problema sin derivarme a ningún otro departamento. Fue empático, claro y eficiente. Este tipo de atención telefónica es lo que marca la diferencia respecto a la competencia.","Agente telefónico empático y resolutivo sin derivaciones en incidencia urgente","Personal"
"3","La hipoteca variable me está destrozando con la subida del Euríbor. Cuando la contraté me explicaron muy poco los riesgos de la variabilidad. No me ofrecieron alternativa fija ni me informaron de la posibilidad de novación. Me siento desinformado en el momento más importante de mi vida financiera.","Falta de información sobre riesgo de hipoteca variable al momento de la contratación","Productos"
"4","En los últimos tres años he tenido tres gestores diferentes asignados. Cada cambio implica explicar toda mi situación desde cero porque nadie traspasa correctamente el histórico. Esta rotación constante hace imposible construir una relación bancaria de confianza.","Alta rotación de gestores que impide continuidad y relación de confianza","Personal"
"9","Sin cajeros del propio banco en el extranjero puedo sacar efectivo en cualquier cajero de Europa sin comisión gracias a mi tarjeta. En ocho países diferentes nunca he pagado nada extra. Para un viajero frecuente es un beneficio en precios que marca la diferencia.","Sin comisión por retirada en cajeros europeos para clientes viajeros","Pricing"
"8","El cashback del 5% en supermercados, gasolineras y restaurantes se aplica automáticamente sin activación manual. El mes pasado recuperé 40 euros solo con gastos habituales. Es un beneficio real y tangible que otros bancos no ofrecen con tanta sencillez.","Cashback automático aplicado correctamente en categorías de gasto cotidiano","Pricing"
"8","El seguro de vida que contraté de forma independiente tiene buena cobertura: capital asegurado de 300.000 euros, invalidez incluida y prima razonable. No tuve que vincularlo a ningún producto. Lo recomendaría como protección básica para una familia con hipoteca.","Satisfacción con seguro de vida contratado sin vinculaciones obligatorias","Productos"
"10","El depósito a plazo fijo al 3% TAE a dieciocho meses me ofrece certeza total sobre la rentabilidad. No hay letra pequeña, no hay vinculaciones, no hay condiciones. El importe mínimo es asequible y la renovación automática es opcional. Exactamente lo que espero de un producto de ahorro.","Satisfacción con transparencia y condiciones claras del depósito a plazo","Productos"
"10","El servicio de banca privada es excepcional. Mi asesor dedica tiempo real a conocer mis objetivos y personales. Las reuniones de seguimiento son frecuentes y productivas. Me siento completamente acompañado en cada decisión financiera importante. Justifica ampliamente lo que cuesta.","Excelente servicio de banca privada con asesoramiento personalizado profundo","Personal"
"8","El asesor de banca privada tiene buenos conocimientos de mercados y fiscalidad. Las reuniones son productivas aunque a veces me parece que intenta vender productos de la propia gestora del banco antes que opciones de terceros. En general el asesoramiento es de calidad.","Buen asesoramiento en banca privada con posible sesgo hacia productos propios","Personal"
"9","La línea de crédito para mi empresa es muy flexible: solo pago intereses sobre el importe que uso, no sobre el total disponible. Puedo disponer y devolver cuando quiero. El tipo es competitivo para el mercado actual. Es el producto de financiación más útil que tengo contratado.","Satisfacción con flexibilidad y coste de línea de crédito empresarial","Productos"
"9","El banco tiene un servicio de acompañamiento para clientes mayores muy bien implementado. Cuando acompañé a mi padre, el gestor le explicó todo con paciencia, en términos sencillos y sin prisa. Es un ejemplo de cómo debería ser la atención a un colectivo vulnerable.","Excelente atención personalizada a clientes mayores con paciencia y lenguaje sencillo","Personal"
"2","Me cobraron intereses de demora del 26% por retrasar el pago tres días. Un porcentaje abusivo que no me explicaron al contratar la tarjeta. Además lo aplicaron sobre el total de la deuda y no solo sobre el importe vencido. Una práctica financiera que roza la usura.","Intereses de demora abusivos aplicados incorrectamente en tarjeta de crédito","Productos"
"9","El programa de puntos de la tarjeta es muy generoso: dos puntos por cada euro gastado y se pueden canjear por viajes, electrodomésticos o descuentos en compras. Ya he canjeado cincuenta mil puntos este año. Sin fecha de caducidad de los puntos. Un programa de fidelización bien diseñado.","Satisfacción con programa de puntos generoso y sin caducidad","Productos"
"2","La app se cierra sola cuatro o seis veces al día. He reportado el problema en tres ocasiones y solo me dicen que están trabajando en ello. Cada actualización empeora el rendimiento. Llevo tres meses con la misma situación sin ninguna solución.","Fallos recurrentes de estabilidad en la app sin resolución tras múltiples reportes","Canales"
"2","El asesor me recomendó un fondo de inversión con un perfil de riesgo muy superior al mío sin advertirme. Cuando perdí dinero significativo me presentó el contrato que yo había firmado como única respuesta. Un asesoramiento irresponsable que incumple claramente la normativa MiFID.","Asesoramiento que incumple normativa MiFID al no ajustarse al perfil de riesgo del cliente","Personal"
"2","El tipo de interés del crédito al consumo que me ofrecieron era del 16% TAE. Para un cliente de diez años sin incidencias es incomprensible. La competencia me ofreció la mitad. Cuando intenté negociarlo me dijeron que era la tarifa fija para todos. Sin margen de maniobra.","Tipo de interés en crédito al consumo elevado e innegociable","Productos"
"8","La cuenta nómina tiene condiciones muy buenas: sin comisiones, transferencias gratuitas y descuentos en seguros. Tardé diez minutos en abrirla completamente online. El único punto negativo es que el seguro de accidentes tiene una cobertura algo limitada pero en general es un excelente producto.","Satisfacción con cuenta nómina digital con proceso de apertura ágil","Productos"
"3","Contraté un depósito a plazo al 3% TAE y al vencimiento el interés aplicado fue diferente. Cuando reclamé me mostraron una cláusula en un anexo de treinta y cinco páginas que reducía el tipo en determinadas condiciones. Me siento estafado con un producto que debería ser el más sencillo del mundo.","Condiciones reales del depósito a plazo distintas a las ofertadas inicialmente","Productos"
"3","La cuenta de ahorro da un 0.02% de interés anual. Con la inflación actual es perder dinero en términos reales. Hay alternativas en el mercado que ofrecen 2.5% sin condiciones. Mantener aquí el ahorro es la peor decisión financiera posible.","Rentabilidad de cuenta ahorro por debajo de inflación y de alternativas del mercado","Pricing"
"2","La página web del banco es lentísima. Para ver los movimientos del último mes tarda más de veinte segundos en cargar. Además falla constantemente en Chrome y Firefox. Cuando llamo para reportarlo me dicen que pruebe con otro navegador. Una solución inaceptable en pleno siglo XXI.","Web bancaria lenta y con errores en navegadores principales","Canales"
"1","La cola en la oficina era de más de una hora el martes por la mañana con solo dos empleados para atender a más de treinta personas. El sistema de cita previa falla y no deja reservar. Es un servicio completamente colapsado que no funciona.","Colapso total en atención presencial de la sucursal sin cita previa funcional","Canales"
"10","Cuando presenté una reclamación formal me llamaron en menos de 48 horas para darme respuesta. La persona fue empática y resolvió el problema de forma justa devolviendo el importe en el acto. Una gestión de reclamaciones que genera confianza y fidelidad.","Resolución rápida y justa de reclamación con devolución inmediata","Personal"
"1","La app me bloqueó la cuenta sin motivo aparente justo antes de un viaje importante. No pude operar durante dos días. El proceso de desbloqueo requirió ir a la oficina con documentación original. Nadie me explicó por qué se bloqueó. Un sistema de seguridad que penaliza al cliente legítimo.","Bloqueo injustificado de cuenta por la app en momento crítico sin explicación","Canales"
"2","La cola en la oficina era de más de hora y media hora el martes por la mañana con solo tres empleados para atender a más de treinta personas. El sistema de cita previa falla y no deja reservar. Es un servicio completamente colapsado que no funciona.","Colapso total en atención presencial de la sucursal sin cita previa funcional","Canales"
"8","Mi gestor siempre me explica cada producto con claridad antes de contratarlo: ventajas, riesgos y alternativas. Nunca me ha presionado ni me ha hecho sentir ignorante. Gracias a su forma de trabajar confío plenamente en sus recomendaciones. Es el mayor activo que tiene el banco para mí.","Gestor que explica con claridad y sin presión antes de recomendar productos","Personal"
"10","Contraté la hipoteca verde porque la vivienda tiene certificado energético A y me aplicaron un diferencial veinticinco puntos básicos menor. El ahorro a largo plazo es considerable. Además, el banco planta un árbol por cada hipoteca verde contratada. Un producto bien diseñado con impacto real.","Satisfacción con hipoteca verde y beneficio por eficiencia energética","Productos"
"10","La tarjeta de crédito no tiene cuota anual y tampoco cobra por operaciones en moneda extranjera. En mis seis viajes de este año no he pagado un solo euro en comisiones por cambio de divisa. Para alguien que viaja habitualmente es una tarjeta con un precio imbatible.","Tarjeta sin comisión anual ni por divisa ideal para clientes viajeros frecuentes","Pricing"
"2","El trato que recibí en la oficina fue condescendiente y poco profesional. El empleado me habló como si no entendiese nada de finanzas y respondió con impaciencia cuando pregunté. Me fui sintiéndome un cliente de segunda. Inaceptable en un banco que dice valorar a sus clientes.","Trato condescendiente e irrespetuoso por parte de empleado de sucursal","Personal"
"9","El servicio de banca privada es excepcional. Mi asesor dedica tiempo real a conocer mis objetivos y personales. Las reuniones de seguimiento son frecuentes y productivas. Me siento completamente acompañado en cada decisión financiera importante. Justifica ampliamente lo que cuesta.","Excelente servicio de banca privada con asesoramiento personalizado profundo","Personal"
"5","El equipo comercial llama con demasiada frecuencia para ofrecer productos. En el último mes he recibido cuatro llamadas no solicitadas. Entiendo que hay objetivos comerciales pero la insistencia genera rechazo. Una política de contacto más moderada sería más efectiva.","Exceso de llamadas comerciales no solicitadas que genera rechazo en el cliente","Personal"
"7","La oficina está bien ubicada en el centro con aparcamiento cercano. Los jueves tienen horario de tarde hasta las 19:00, lo cual es muy útil si trabajas. La sala de espera es cómoda. Podría mejorar el tiempo medio de espera pero en general es accesible.","Buena accesibilidad y ubicación de sucursal con horario de tarde","Canales"
"9","El depósito a plazo fijo al 3.5% TAE a doce meses me ofrece certeza total sobre la rentabilidad. No hay letra pequeña, no hay vinculaciones, no hay condiciones. El importe mínimo es asequible y la renovación automática es opcional. Exactamente lo que espero de un producto de ahorro.","Satisfacción con transparencia y condiciones claras del depósito a plazo","Productos"
"7","La oficina está bien ubicada en el centro con aparcamiento cercano. Los jueves tienen horario de tarde hasta las 18:00, lo cual es muy útil si trabajas. La sala de espera es cómoda. Podría mejorar el tiempo medio de espera pero en general es accesible.","Buena accesibilidad y ubicación de sucursal con horario de tarde","Canales"
"10","El proceso de firma de la hipoteca fue ágil y sin sorpresas. Me asignaron un gestor exclusivo que me acompañó en cada paso. Las condiciones acordadas al inicio fueron exactamente las que firmé. Después de siete años siendo cliente, es la mejor decisión financiera que he tomado con este banco.","Proceso hipotecario ágil y transparente sin cambios en condiciones","Productos"
"2","Me aprobaron una línea de crédito de 15.000 euros pero con tantas condiciones que es casi imposible usarla: avales necesarios, revisión trimestral y posibilidad de cancelación unilateral por el banco. Más que un producto de financiación parece una trampa llena de restricciones.","Línea de crédito con condiciones restrictivas que dificultan su uso","Productos"
"6","El tipo de interés de la hipoteca es aceptable aunque no el más bajo del mercado. Lo compensan con menos comisiones de apertura y más flexibilidad en amortizaciones. En el coste total de la hipoteca a largo plazo acaba siendo una opción competitiva si se considera todo.","Tipo hipotecario compensado por menor coste en comisiones y mayor flexibilidad","Pricing"
"8","La cita previa online se puede reservar a cualquier hora del día. En dos minutos tienes confirmación por email y SMS con todos los detalles. El día de la cita el tiempo de espera fue de menos de tres minutos. Un sistema que respeta el tiempo del cliente.","Sistema de cita previa digital eficiente con tiempos de espera mínimos","Canales"
"4","El horario del servicio telefónico es de 9:00 a 21:00. Si tienes una urgencia fuera de ese horario no puedes contactar con nadie. Para bloquear una tarjeta o reportar un fraude en fin de semana hay un número de emergencias pero no sirve para nada más. Muy limitado.","Horario de atención telefónica limitado sin cobertura para urgencias generales","Canales"
"10","La línea de crédito para mi empresa es muy flexible: solo pago intereses sobre el importe que uso, no sobre el total disponible. Puedo disponer y devolver cuando quiero. El tipo es competitivo para el mercado actual. Es el producto de financiación más útil que tengo contratado.","Satisfacción con flexibilidad y coste de línea de crédito empresarial","Productos"
"3","El empleado de ventanilla que me atendió tenía poca formación sobre los productos digitales del banco. Me dio información incorrecta sobre una funcionalidad de la app. Si los empleados presenciales no conocen sus propios productos, ¿cómo pueden asesorar a los clientes?","Empleado de ventanilla con conocimiento insuficiente sobre productos digitales del banco","Personal"
"9","Todas las comisiones del banco están perfectamente detalladas en un documento de tarifas fácil de encontrar en la web. Sin letra pequeña ni condiciones ocultas. Cuando pregunto me explican el coste exacto antes de hacer cualquier operación. Una transparencia en precios que se agradece.","Alta transparencia en comunicación de tarifas y precios antes de operar","Pricing"
"9","Todos mis contratos, extractos y certificados están disponibles de forma digital en la app. Puedo descargar cualquier documento de los últimos cinco años en PDF. Nunca necesito llamar para pedir documentación. Esto ahorra mucho tiempo y papel. La digitalización documental es sobresaliente.","Archivo documental digital completo y accesible desde la app","Canales"
"2","El tipo de interés del préstamo personal que me ofrecieron era del 19% TAE. Para un cliente con buen historial crediticio es completamente injustificado. Otros bancos online me ofrecían la mitad. Cuando intenté negociarlo me dijeron que era la tarifa estándar sin excepciones.","Tipo de interés del préstamo personal no competitivo ni negociable","Productos"
"3","La hipoteca variable me está destrozando con la subida del Euríbor. Cuando la contraté me explicaron muy poco los riesgos de la variabilidad. No me ofrecieron alternativa fija ni me informaron de la posibilidad de novación. Me siento desinformado en el momento más importante de mi vida financiera.","Falta de información sobre riesgo de hipoteca variable al momento de la contratación","Productos"
"4","Los agentes del call center no tienen capacidad para tomar ninguna decisión autónoma. Todo lo derivan a la oficina o a otro departamento. Son incapaces de resolver nada por sí mismos. El canal telefónico existe pero no sirve para gestiones que requieran alguna resolución.","Agentes telefónicos sin autonomía para resolver incidencias de forma independiente","Personal"
"8","El cashback del 2% en supermercados, gasolineras y restaurantes se aplica automáticamente sin activación manual. El mes pasado recuperé 80 euros solo con gastos habituales. Es un beneficio real y tangible que otros bancos no ofrecen con tanta sencillez.","Cashback automático aplicado correctamente en categorías de gasto cotidiano","Pricing"
"3","Después de la última actualización la app tardó tres días en funcionar con normalidad. Hubo transacciones que no se procesaron correctamente y tuve que ir a la oficina a resolverlas. Las actualizaciones deberían probarse antes de lanzarlas masivamente a los clientes.","Actualización de app que causó fallos en transacciones y requirió visita a sucursal","Canales"
"9","La banca online permite gestionar absolutamente todo: contratar productos, ver histórico de siete años, descargar certificados y configurar alertas. Los tiempos de carga son rápidos incluso en conexión lenta. Es la plataforma web bancaria más completa que he usado.","Banca online completa y rápida con acceso a histórico extenso","Canales"
"8","El cashback del 3% en supermercados, gasolineras y restaurantes se aplica automáticamente sin activación manual. El mes pasado recuperé 80 euros solo con gastos habituales. Es un beneficio real y tangible que otros bancos no ofrecen con tanta sencillez.","Cashback automático aplicado correctamente en categorías de gasto cotidiano","Pricing"
"2","Me cobraron 0.20 euros por consultar el saldo en un cajero de otra entidad. En la era del banco digital cobrar por consultar tu propio saldo es completamente anacrónico. Además no me lo informaron al contratar la cuenta. Una comisión pequeña pero muy reveladora de la cultura del banco.","Comisión por consulta de saldo en cajero ajeno anacrónica y no informada al contratar","Pricing"
"3","El Bizum del banco tiene un límite de 500 euros diarios muy restrictivo comparado con otros bancos. Además hay un máximo de diez operaciones al día. Para alguien que usa Bizum para negocios pequeños estas limitaciones son un serio problema operativo.","Limitaciones excesivas de Bizum por importe y número de operaciones diarias","Canales"
"3","Mi reclamación formal lleva dos meses sin resolución. Me han llamado tres veces para pedirme más información que ya había enviado. Cada llamada es de una persona diferente que no conoce el caso. El proceso de reclamaciones parece diseñado para que el cliente se rinda.","Proceso de reclamación prolongado con falta de coordinación interna y seguimiento","Personal"
"3","El renting que me ofrecieron tenía una letra pequeña con penalizaciones por exceso de kilómetros que triplicaban la cuota mensual. Nadie me lo explicó claramente. Al entregar el coche me pasaron una factura inesperada de 1.200 euros. Un producto poco transparente y con sorpresas al final.","Penalizaciones ocultas en contrato de renting no explicadas al contratar","Productos"
"10","El pago por móvil funciona en todos los comercios con terminal contactless. La autenticación es instantánea con huella dactilar. Ya no necesito llevar la cartera para compras del día a día. La experiencia de pago es más rápida que con tarjeta física. Un avance real en comodidad.","Pago por móvil completamente funcional que elimina necesidad de cartera física","Canales"
"1","La página web del banco es lentísima. Para ver los movimientos del último mes tarda más de treinta segundos en cargar. Además falla constantemente en Chrome y Firefox. Cuando llamo para reportarlo me dicen que pruebe con otro navegador. Una solución inaceptable en pleno siglo XXI.","Web bancaria lenta y con errores en navegadores principales","Canales"
"7","El precio del seguro de hogar es razonable para la cobertura que ofrece. He comparado con cuatro aseguradoras y el banco está en la media del mercado pero con la ventaja de tenerlo todo centralizado. Sin vinculaciones obligatorias. Una opción equilibrada en precio.","Precio de seguro de hogar competitivo con ventaja de centralización sin vinculaciones","Pricing"
"8","El tipo de interés de la hipoteca variable es Euríbor más 0.6%. Un diferencial muy competitivo. Además puedo hacer novación a tipo fijo sin coste en cualquier momento. Esta flexibilidad en el precio de la hipoteca me parece un valor diferencial importante.","Diferencial hipotecario competitivo con opción de novación a fijo sin coste","Pricing"
"2","El tipo de interés del crédito al consumo que me ofrecieron era del 19% TAE. Para un cliente de diez años sin incidencias es incomprensible. La competencia me ofreció la mitad. Cuando intenté negociarlo me dijeron que era la tarifa fija para todos. Sin margen de maniobra.","Tipo de interés en crédito al consumo elevado e innegociable","Productos"
"4","Las comisiones del banco están en la media del mercado. Ni muy baratas ni muy caras. Los precios están documentados en la web aunque hay que buscarlos un poco. No tengo quejas pero tampoco motivos para recomendarlos especialmente por precio frente a alternativas más económicas.","Estructura de precios media del mercado sin ventajas ni desventajas competitivas claras","Pricing"
"7","Sin cajeros del banco cerca pude usar cualquier cajero de España sin comisión gracias a los acuerdos de la red. Esto es un gran valor cuando viajas por zonas rurales. Sin ese beneficio tendría que buscar cajeros específicos. Un ahorro real en el día a día.","Sin comisión en cajeros de red ampliada, beneficio tangible en movilidad","Pricing"
"10","Mi gestor me responde por mensaje en menos de una hora en horario laboral. No necesito llamar ni ir a la oficina para resolver dudas rápidas. Esta disponibilidad ágil transforma la relación con el banco. Se siente como tener un asesor de confianza siempre disponible.","Gestor muy accesible por mensajería con respuesta rápida","Personal"
"9","Las alertas de seguridad me notifican de inmediato ante cualquier intento de acceso inusual. Puedo bloquear la tarjeta desde la app en segundos. El doble factor de autenticación funciona perfectamente. Gracias a este sistema detecté un intento de fraude y evité perder 300 euros.","Sistema de alertas y seguridad digital que permitió evitar fraude","Canales"
"8","Al hablar en catalán el empleado me respondió en el mismo idioma sin ningún problema. Toda la documentación también está disponible en catalán. Es un detalle que valoro mucho y que demuestra respeto por la diversidad lingüística de los clientes.","Atención en lengua propia y documentación en catalán disponible en la sucursal","Personal"
"7","La cuenta sin comisiones tiene condiciones de vinculación alcanzables: nómina superior a 500 euros o tres recibos domiciliados. No te exigen ser un gran cliente para acceder a las ventajas. Es una propuesta justa que permite a cualquier cliente evitar las comisiones.","Condiciones de exención de comisiones alcanzables para el cliente medio","Pricing"
"8","El banco tiene un servicio de acompañamiento para clientes mayores muy bien implementado. Cuando acompañé a mi padre, el gestor le explicó todo con paciencia, en términos sencillos y sin prisa. Es un ejemplo de cómo debería ser la atención a un colectivo vulnerable.","Excelente atención personalizada a clientes mayores con paciencia y lenguaje sencillo","Personal"
"9","Mi gestor me responde por mensaje en menos de una hora en horario laboral. No necesito llamar ni ir a la oficina para resolver dudas rápidas. Esta disponibilidad ágil transforma la relación con el banco. Se siente como tener un asesor de confianza siempre disponible.","Gestor muy accesible por mensajería con respuesta rápida","Personal"
"9","La tarjeta de crédito funciona perfectamente en el extranjero sin comisión por cambio de divisa. La puedo congelar y descongelar desde la app en segundos. El límite es adecuado a mis necesidades y puedo ampliarlo de forma temporal. Una tarjeta sin complicaciones ni sorpresas.","Tarjeta de crédito sin comisiones por divisa y gestión ágil desde app","Productos"
"2","El trato que recibí en la oficina fue condescendiente y poco profesional. El empleado me habló como si no entendiese nada de finanzas y respondió con impaciencia cuando pregunté. Me fui sintiéndome un cliente de segunda. Inaceptable en un banco que dice valorar a sus clientes.","Trato condescendiente e irrespetuoso por parte de empleado de sucursal","Personal"
"2","La cuenta de ahorro ofrece un 0.02% de interés anual. Con la inflación actual eso significa perder poder adquisitivo cada año. Hay opciones en el mercado que ofrecen 2.5% sin vinculación alguna. Mantener dinero aquí es claramente la peor decisión financiera posible para el ahorro.","Rentabilidad de cuenta ahorro muy por debajo de alternativas del mercado","Productos"
"9","El banco tiene un servicio de acompañamiento para clientes mayores muy bien implementado. Cuando acompañé a mi padre, el gestor le explicó todo con paciencia, en términos sencillos y sin prisa. Es un ejemplo de cómo debería ser la atención a un colectivo vulnerable.","Excelente atención personalizada a clientes mayores con paciencia y lenguaje sencillo","Personal"
"10","La tarjeta premium tiene acceso a mil doscientas salas VIP en aeropuertos de todo el mundo, seguro de viaje completo y cashback del 3% en todas las compras. Con los beneficios que uso mensualmente la cuota se paga sola. Es el mejor producto financiero que he contratado.","Alta satisfacción con beneficios completos de tarjeta premium","Productos"
"3","El empleado de ventanilla que me atendió tenía poca formación sobre los productos digitales del banco. Me dio información incorrecta sobre una funcionalidad de la app. Si los empleados presenciales no conocen sus propios productos, ¿cómo pueden asesorar a los clientes?","Empleado de ventanilla con conocimiento insuficiente sobre productos digitales del banco","Personal"
"9","Mi gestor me responde por mensaje en menos de una hora en horario laboral. No necesito llamar ni ir a la oficina para resolver dudas rápidas. Esta disponibilidad ágil transforma la relación con el banco. Se siente como tener un asesor de confianza siempre disponible.","Gestor muy accesible por mensajería con respuesta rápida","Personal"
"4","La tarjeta de crédito tiene una cuota anual de 100 euros y los beneficios no justifican ese coste. El cashback es del 0.5% y los seguros de viaje tienen tantas exclusiones que son prácticamente inútiles. Pago por una tarjeta que no me aporta valor real.","Cuota anual de tarjeta no compensada por los beneficios reales que ofrece","Pricing"
"8","Pedir cita previa online es muy sencillo: en menos de dos minutos tienes confirmación y un recordatorio por SMS el día anterior. El día de la cita no tuve que esperar nada. La digitalización del proceso presencial está muy bien implementada.","Sistema de cita previa online ágil y efectivo sin esperas","Canales"
"3","La app no está optimizada para tablets. Los menús se ven cortados y muchos botones no responden. Tampoco funciona bien en el último sistema operativo iOS. Para una empresa bancaria que dice apostar por lo digital es una vergüenza tener una app tan mal adaptada.","App bancaria mal optimizada para tablets y versiones recientes de sistema operativo","Canales"
"2","Las comisiones de custodia de mi cartera de valores superan el 1.5% anual del patrimonio gestionado. Además cobran por cada operación de compraventa. Sumando todo, el banco se lleva más que los propios rendimientos del portfolio. Un coste completamente injustificado.","Comisiones de custodia de valores que superan los rendimientos del portfolio","Pricing"
"8","Sin cajeros del banco cerca pude usar cualquier cajero de España sin comisión gracias a los acuerdos de la red. Esto es un gran valor cuando viajas por zonas rurales. Sin ese beneficio tendría que buscar cajeros específicos. Un ahorro real en el día a día.","Sin comisión en cajeros de red ampliada, beneficio tangible en movilidad","Pricing"
"10","La cuenta nómina no tiene comisión de mantenimiento con solo domiciliar la nómina. Una condición muy sencilla que me da acceso a tarjeta de débito gratuita y transferencias sin coste. La mejor relación precio-valor que he encontrado en la banca tradicional.","Cuenta nómina sin comisión con condición de domiciliación sencilla y alcanzable","Pricing"
"6","Las comisiones del banco están en la media del mercado. Ni muy baratas ni muy caras. Los precios están documentados en la web aunque hay que buscarlos un poco. No tengo quejas pero tampoco motivos para recomendarlos especialmente por precio frente a alternativas más económicas.","Estructura de precios media del mercado sin ventajas ni desventajas competitivas claras","Pricing"
"9","El director de la oficina intervino personalmente para resolver una incidencia compleja que otros empleados no habían podido solucionar. Fue directo, eficiente y empático. En menos de quince minutos el problema estaba resuelto. Un directivo que lidera con el ejemplo.","Director de oficina que interviene eficazmente para resolver incidencias complejas","Personal"
"4","Los extractos de cuenta solo están disponibles online para los últimos tres meses. Para documentación más antigua hay que solicitarla en oficina con siete días de antelación y a veces cobran por ello. En plena era digital limitar el acceso al histórico es completamente injustificable.","Historial documental digital limitado con cobro por documentación antigua","Canales"
"7","Los cajeros del banco están distribuidos por toda la ciudad y rara vez están fuera de servicio. El proceso de operación es rápido e intuitivo. Además puedo hacer ingresos en efectivo en la mayoría de ellos. Un servicio de cajeros fiable y bien mantenido.","Buena disponibilidad y mantenimiento de la red de cajeros","Canales"
"4","El seguro de vida vinculado a la hipoteca me cuesta 100 euros al mes. Comparado con el mismo seguro en una aseguradora externa me cobran el doble. La razón es que el banco tiene margen sobre el seguro vinculado. Un precio abusivo aprovechando la posición de dominio.","Prima de seguro de vida vinculado a hipoteca muy superior al precio de mercado","Pricing"
"2","Me cobraron 0.50 euros por consultar el saldo en un cajero de otra entidad. En la era del banco digital cobrar por consultar tu propio saldo es completamente anacrónico. Además no me lo informaron al contratar la cuenta. Una comisión pequeña pero muy reveladora de la cultura del banco.","Comisión por consulta de saldo en cajero ajeno anacrónica y no informada al contratar","Pricing"
"8","Cuando tengo dudas sobre productos o normativa fiscal los empleados del banco siempre me dan información correcta y actualizada. Me parece que el banco invierte en formación continua de su plantilla. Eso se nota y se agradece cuando uno necesita asesoramiento de verdad.","Personal bien formado que da información correcta y actualizada sobre productos y fiscalidad","Personal"
"1","La oficina solo abre de lunes a viernes de 9:00 a 13:30. Para alguien que trabaja en esas horas es imposible ir. No tienen horario de tarde ni sábados. La única alternativa es pedir cita con semanas de antelación. El banco no se ha adaptado a los horarios reales de la vida laboral.","Horario de sucursal incompatible con jornada laboral sin alternativa de tarde o sábado","Canales"
"9","Mi gestor me responde por mensaje en menos de media hora en horario laboral. No necesito llamar ni ir a la oficina para resolver dudas rápidas. Esta disponibilidad ágil transforma la relación con el banco. Se siente como tener un asesor de confianza siempre disponible.","Gestor muy accesible por mensajería con respuesta rápida","Personal"
"10","La tarjeta de crédito no tiene cuota anual y tampoco cobra por operaciones en moneda extranjera. En mis cinco viajes de este año no he pagado un solo euro en comisiones por cambio de divisa. Para alguien que viaja habitualmente es una tarjeta con un precio imbatible.","Tarjeta sin comisión anual ni por divisa ideal para clientes viajeros frecuentes","Pricing"
"9","Este banco no cobra comisión de ningún tipo: ni por mantenimiento de cuenta, ni por transferencias nacionales, ni por usar cajeros propios o de otras entidades. Todo incluido sin condiciones ocultas. No esperaba encontrar un banco sin comisiones con tan buen servicio integral.","Cero comisiones en todos los servicios sin condiciones ocultas","Pricing"
"6","La oficina está bien ubicada en el centro con aparcamiento cercano. Los jueves tienen horario de tarde hasta las 18:30, lo cual es muy útil si trabajas. La sala de espera es cómoda. Podría mejorar el tiempo medio de espera pero en general es accesible.","Buena accesibilidad y ubicación de sucursal con horario de tarde","Canales"
"1","Me prometieron un tipo fijo del 3.1% y al firmar era el 3.3%. Nadie me avisó del cambio. Cuando reclamé me dijeron que había sido un error administrativo y que ya no podían modificarlo. Firmé bajo presión porque ya tenía fecha de notaría. Me siento completamente engañado.","Modificación de tipo hipotecario sin previo aviso al momento de la firma","Productos"
"10","La hipoteca a tipo fijo que firmé tiene unas condiciones inmejorables: sin comisión de apertura, sin penalización por amortizaciones anticipadas y con un tipo del 2.75%. Comparé con cinco bancos y este fue claramente el más competitivo. El proceso fue transparente de principio a fin.","Satisfacción con condiciones competitivas de hipoteca fija","Productos"
"5","Las videollamadas con el banco están disponibles pero hay que reservarlas con tres días de antelación mínimo. La imagen es buena pero el audio falla a veces. Para gestiones urgentes no es una opción viable. Como complemento al canal presencial cumple pero podría ser más ágil.","Videoconferencia disponible pero con limitaciones de disponibilidad y audio","Canales"
"8","Sin cajeros del propio banco en el extranjero puedo sacar efectivo en cualquier cajero de Europa sin comisión gracias a mi tarjeta. En cinco países diferentes nunca he pagado nada extra. Para un viajero frecuente es un beneficio en precios que marca la diferencia.","Sin comisión por retirada en cajeros europeos para clientes viajeros","Pricing"
"9","Mi gestor me responde por mensaje en menos de media hora en horario laboral. No necesito llamar ni ir a la oficina para resolver dudas rápidas. Esta disponibilidad ágil transforma la relación con el banco. Se siente como tener un asesor de confianza siempre disponible.","Gestor muy accesible por mensajería con respuesta rápida","Personal"
"1","Me acaban de cobrar 3 euros por recibir una transferencia desde el extranjero. Esta comisión no aparece en el resumen de tarifas principal sino en un anexo de treinta páginas. Esta opacidad en los precios parece diseñada para que el cliente no se entere hasta que ya es tarde.","Comisión por transferencia recibida oculta en documentación extensa y difícil de encontrar","Pricing"
"9","Cuando llamé con una incidencia urgente el agente me atendió en tres minutos y resolvió el problema sin derivarme a ningún otro departamento. Fue empático, claro y eficiente. Este tipo de atención telefónica es lo que marca la diferencia respecto a la competencia.","Agente telefónico empático y resolutivo sin derivaciones en incidencia urgente","Personal"
"7","El cashback del 5% en supermercados, gasolineras y restaurantes se aplica automáticamente sin activación manual. El mes pasado recuperé 40 euros solo con gastos habituales. Es un beneficio real y tangible que otros bancos no ofrecen con tanta sencillez.","Cashback automático aplicado correctamente en categorías de gasto cotidiano","Pricing"
"2","Cuando mi madre mayor fue a la oficina a hacer una gestión sencilla el empleado le habló muy rápido con jerga financiera que ella no entendía. Nadie tuvo la paciencia de explicarle las cosas despacio. El banco necesita formación en atención a clientes mayores.","Falta de adaptación en la atención a clientes mayores con menor alfabetización financiera","Personal"
"6","El pago con el móvil funciona en la mayoría de comercios pero he tenido algunos problemas en gasolineras y parking automáticos. El proceso de configuración inicial fue algo complejo. Una vez configurado es cómodo para el día a día aunque con margen de mejora en compatibilidad.","Pago por móvil funcional con problemas de compatibilidad en algunos terminales","Canales"
"2","El asesor me recomendó un fondo de inversión con un perfil de riesgo muy superior al mío sin advertirme. Cuando perdí dinero significativo me presentó el contrato que yo había firmado como única respuesta. Un asesoramiento irresponsable que incumple claramente la normativa MiFID.","Asesoramiento que incumple normativa MiFID al no ajustarse al perfil de riesgo del cliente","Personal"
"8","La tarjeta de crédito funciona perfectamente en el extranjero sin comisión por cambio de divisa. La puedo congelar y descongelar desde la app en segundos. El límite es adecuado a mis necesidades y puedo ampliarlo de forma temporal. Una tarjeta sin complicaciones ni sorpresas.","Tarjeta de crédito sin comisiones por divisa y gestión ágil desde app","Productos"
"9","La tarjeta de crédito funciona perfectamente en el extranjero sin comisión por cambio de divisa. La puedo congelar y descongelar desde la app en segundos. El límite es adecuado a mis necesidades y puedo ampliarlo de forma temporal. Una tarjeta sin complicaciones ni sorpresas.","Tarjeta de crédito sin comisiones por divisa y gestión ágil desde app","Productos"
"3","La cuenta de ahorro da un 0.1% de interés anual. Con la inflación actual es perder dinero en términos reales. Hay alternativas en el mercado que ofrecen 3% sin condiciones. Mantener aquí el ahorro es la peor decisión financiera posible.","Rentabilidad de cuenta ahorro por debajo de inflación y de alternativas del mercado","Pricing"
"5","Después de la última actualización la app tardó tres días en funcionar con normalidad. Hubo transacciones que no se procesaron correctamente y tuve que ir a la oficina a resolverlas. Las actualizaciones deberían probarse antes de lanzarlas masivamente a los clientes.","Actualización de app que causó fallos en transacciones y requirió visita a sucursal","Canales"
"7","La cuenta sin comisiones tiene condiciones de vinculación alcanzables: nómina superior a 600 euros o cuatro recibos domiciliados. No te exigen ser un gran cliente para acceder a las ventajas. Es una propuesta justa que permite a cualquier cliente evitar las comisiones.","Condiciones de exención de comisiones alcanzables para el cliente medio","Pricing"
"2","Me acaban de cobrar 4 euros por recibir una transferencia desde el extranjero. Esta comisión no aparece en el resumen de tarifas principal sino en un anexo de cincuenta páginas. Esta opacidad en los precios parece diseñada para que el cliente no se entere hasta que ya es tarde.","Comisión por transferencia recibida oculta en documentación extensa y difícil de encontrar","Pricing"
"3","El asesor me recomendó un fondo de inversión con un perfil de riesgo muy superior al mío sin advertirme. Cuando perdí dinero significativo me presentó el contrato que yo había firmado como única respuesta. Un asesoramiento irresponsable que incumple claramente la normativa MiFID.","Asesoramiento que incumple normativa MiFID al no ajustarse al perfil de riesgo del cliente","Personal"
"10","Cuando presenté una reclamación formal me llamaron en menos de 48 horas para darme respuesta. La persona fue empática y resolvió el problema de forma justa devolviendo el importe en el acto. Una gestión de reclamaciones que genera confianza y fidelidad.","Resolución rápida y justa de reclamación con devolución inmediata","Personal"
"8","El seguro de vida que contraté de forma independiente tiene buena cobertura: capital asegurado de 300.000 euros, invalidez incluida y prima razonable. No tuve que vincularlo a ningún producto. Lo recomendaría como protección básica para una familia con hipoteca.","Satisfacción con seguro de vida contratado sin vinculaciones obligatorias","Productos"
"5","En los últimos tres años he tenido cuatro gestores diferentes asignados. Cada cambio implica explicar toda mi situación desde cero porque nadie traspasa correctamente el histórico. Esta rotación constante hace imposible construir una relación bancaria de confianza.","Alta rotación de gestores que impide continuidad y relación de confianza","Personal"
"2","El asesor comercial me presionó para contratar un producto de inversión que no necesitaba sin explicarme los riesgos. Fue evasivo con mis preguntas. Meses después el producto acumulaba pérdidas significativas. Cuando reclamé me dijo que yo había firmado el contrato. Una mala praxis comercial inaceptable.","Venta agresiva de producto inadecuado sin transparencia sobre riesgos reales","Personal"
"4","Mi tarjeta de crédito tiene un límite de 800 euros que no me suben desde hace dos años aunque lo solicito cada seis meses. Con ese límite no puedo hacer reservas de hotel ni alquilar coches en el extranjero. Es un producto completamente inútil para mis necesidades actuales.","Límite de crédito insuficiente sin posibilidad de ampliación tras múltiples solicitudes","Productos"
"10","Bizum funciona perfectamente desde la app. En menos de veinte segundos puedo enviar o solicitar dinero a cualquier contacto. Las solicitudes de pago también funcionan muy bien. Lo uso a diario para dividir gastos y nunca ha fallado. Simplísimo y fiable.","Satisfacción total con Bizum integrado en app por velocidad y fiabilidad","Canales"
"9","Desde la app puedo retirar efectivo en cualquier cajero del banco sin tarjeta física usando solo el móvil. Genero un código QR y lo escaneo en el cajero. Es muy útil cuando olvido la cartera. Una funcionalidad práctica que no he visto en otros bancos.","Extracción de efectivo sin tarjeta mediante código QR desde app","Canales"
"9","Por tener la nómina y los recibos domiciliados recibo una bonificación de 100 euros al año. La condición es fácil de cumplir y la bonificación llega puntualmente cada año. Una forma honesta y simple de premiar la vinculación del cliente.","Bonificación por vinculación sencilla que el banco aplica con puntualidad","Pricing"
"4","El empleado de ventanilla que me atendió tenía poca formación sobre los productos digitales del banco. Me dio información incorrecta sobre una funcionalidad de la app. Si los empleados presenciales no conocen sus propios productos, ¿cómo pueden asesorar a los clientes?","Empleado de ventanilla con conocimiento insuficiente sobre productos digitales del banco","Personal"
"9","Sin cajeros del propio banco en el extranjero puedo sacar efectivo en cualquier cajero de Europa sin comisión gracias a mi tarjeta. En doce países diferentes nunca he pagado nada extra. Para un viajero frecuente es un beneficio en precios que marca la diferencia.","Sin comisión por retirada en cajeros europeos para clientes viajeros","Pricing"
"8","Pedir cita previa online es muy sencillo: en menos de cinco minutos tienes confirmación y un recordatorio por SMS el día anterior. El día de la cita no tuve que esperar nada. La digitalización del proceso presencial está muy bien implementada.","Sistema de cita previa online ágil y efectivo sin esperas","Canales"
"4","Es imposible contactar con mi gestor asignado. No coge el teléfono, no responde emails y cuando llamo a la oficina siempre está ocupado. Para cualquier gestión tengo que ir en persona porque el canal directo con mi gestor está completamente roto.","Inaccesibilidad total del gestor asignado por todos los canales disponibles","Personal"
"10","La hipoteca a tipo fijo que firmé tiene unas condiciones inmejorables: sin comisión de apertura, sin penalización por amortizaciones anticipadas y con un tipo del 3.1%. Comparé con cinco bancos y este fue claramente el más competitivo. El proceso fue transparente de principio a fin.","Satisfacción con condiciones competitivas de hipoteca fija","Productos"
"5","Tienen una selección razonable de ETFs de mercados desarrollados pero escasa en emergentes y alternativos. Las comisiones son aceptables aunque no las más bajas del mercado. La plataforma de negociación es funcional pero poco visual. Cumple para el inversor básico pero no para perfiles avanzados.","Oferta de ETFs correcta pero limitada para inversores con perfil avanzado","Productos"
"3","El Bizum del banco tiene un límite de 300 euros diarios muy restrictivo comparado con otros bancos. Además hay un máximo de ocho operaciones al día. Para alguien que usa Bizum para negocios pequeños estas limitaciones son un serio problema operativo.","Limitaciones excesivas de Bizum por importe y número de operaciones diarias","Canales"
"2","Me cobraron intereses de demora del 26% por retrasar el pago cinco días. Un porcentaje abusivo que no me explicaron al contratar la tarjeta. Además lo aplicaron sobre el total de la deuda y no solo sobre el importe vencido. Una práctica financiera que roza la usura.","Intereses de demora abusivos aplicados incorrectamente en tarjeta de crédito","Productos"
"9","Contraté la hipoteca verde porque la vivienda tiene certificado energético A y me aplicaron un diferencial quince puntos básicos menor. El ahorro a largo plazo es considerable. Además, el banco planta un árbol por cada hipoteca verde contratada. Un producto bien diseñado con impacto real.","Satisfacción con hipoteca verde y beneficio por eficiencia energética","Productos"
"9","Los cajeros del banco están distribuidos por toda la ciudad y rara vez están fuera de servicio. El proceso de operación es rápido e intuitivo. Además puedo hacer ingresos en efectivo en la mayoría de ellos. Un servicio de cajeros fiable y bien mantenido.","Buena disponibilidad y mantenimiento de la red de cajeros","Canales"
"2","Me notificaron por carta que subían las comisiones de mantenimiento un 60% con solo quince días de preaviso. Sin posibilidad de negociación. Un cambio unilateral de condiciones que vulnera la confianza del cliente y me obliga a buscar alternativas urgentemente.","Subida unilateral de comisiones con preaviso mínimo sin posibilidad de negociación","Pricing"
"4","Tienen una selección razonable de ETFs de mercados desarrollados pero escasa en emergentes y alternativos. Las comisiones son aceptables aunque no las más bajas del mercado. La plataforma de negociación es funcional pero poco visual. Cumple para el inversor básico pero no para perfiles avanzados.","Oferta de ETFs correcta pero limitada para inversores con perfil avanzado","Productos"
"3","El empleado de ventanilla que me atendió tenía poca formación sobre los productos digitales del banco. Me dio información incorrecta sobre una funcionalidad de la app. Si los empleados presenciales no conocen sus propios productos, ¿cómo pueden asesorar a los clientes?","Empleado de ventanilla con conocimiento insuficiente sobre productos digitales del banco","Personal"
"3","Cuando mi madre mayor fue a la oficina a hacer una gestión sencilla el empleado le habló muy rápido con jerga financiera que ella no entendía. Nadie tuvo la paciencia de explicarle las cosas despacio. El banco necesita formación en atención a clientes mayores.","Falta de adaptación en la atención a clientes mayores con menor alfabetización financiera","Personal"
"8","Desde la app puedo contratar productos, hacer reclamaciones, firmar documentos y contactar con mi gestor por videollamada. Llevo dieciocho meses sin necesitar ir a la sucursal para nada. La digitalización del banco es genuina y no solo cosmética.","App completa que permite gestión íntegra sin visitar sucursal","Canales"
"2","Cuando quise cancelar el préstamo personal anticipadamente me cobraron una penalización del 3.5% sobre el capital pendiente. Esto no me lo explicaron al contratar. Lo descubrí en un anexo de cincuenta páginas del contrato. Me costó más cancelar que terminar de pagar los plazos.","Penalización por cancelación anticipada de préstamo no informada al contratar","Productos"
"8","Los cajeros del banco están distribuidos por toda la ciudad y rara vez están fuera de servicio. El proceso de operación es rápido e intuitivo. Además puedo hacer ingresos en efectivo en la mayoría de ellos. Un servicio de cajeros fiable y bien mantenido.","Buena disponibilidad y mantenimiento de la red de cajeros","Canales"
"9","La banca online permite gestionar absolutamente todo: contratar productos, ver histórico de siete años, descargar certificados y configurar alertas. Los tiempos de carga son rápidos incluso en conexión lenta. Es la plataforma web bancaria más completa que he usado.","Banca online completa y rápida con acceso a histórico extenso","Canales"
"2","La cuenta nómina que me ofrecieron tiene tantas condiciones de vinculación que es imposible cumplirlas todas: nómina mínima de 1.800 euros, cinco recibos domiciliados, tarjeta de crédito activa y seguro contratado. Si no cumples todo te cobran comisión. Es una trampa para cobrar comisiones camuflada.","Condiciones de exención en cuenta nómina imposibles de cumplir para la mayoría","Productos"
"8","La tarjeta de crédito no tiene cuota anual y tampoco cobra por operaciones en moneda extranjera. En mis seis viajes de este año no he pagado un solo euro en comisiones por cambio de divisa. Para alguien que viaja habitualmente es una tarjeta con un precio imbatible.","Tarjeta sin comisión anual ni por divisa ideal para clientes viajeros frecuentes","Pricing"
"1","Cuando quise cancelar el préstamo hipotecario anticipadamente me cobraron una penalización del 1% sobre el capital pendiente que nadie me había explicado al contratar. En letra pequeña de un contrato de cuarenta páginas. Me costó 4.000 euros que no tenía previstos.","Penalización hipotecaria no informada al contratar descubierta en letra pequeña","Pricing"
"8","La cuenta de ahorro da un 3% TAE sin vinculaciones obligatorias ni plazos mínimos. El dinero está disponible en cualquier momento. Con la inflación controlándose es una buena opción para el ahorro a corto plazo. El mejor tipo que he encontrado en banca tradicional.","Cuenta ahorro con tipo competitivo y disponibilidad inmediata sin condiciones","Pricing"
"8","El director de la oficina intervino personalmente para resolver una incidencia compleja que otros empleados no habían podido solucionar. Fue directo, eficiente y empático. En menos de quince minutos el problema estaba resuelto. Un directivo que lidera con el ejemplo.","Director de oficina que interviene eficazmente para resolver incidencias complejas","Personal"
"1","El agente telefónico que me atendió cuando denuncié un cargo fraudulento no supo cómo gestionar la incidencia. Me transfirió cinco veces a distintos departamentos. Ninguno tomó medidas. Tardé siete días en recuperar el dinero. La gestión telefónica del fraude es deficiente.","Gestión deficiente de fraude por agentes sin capacitación ni coordinación","Personal"
"1","Me notificaron por carta que subían las comisiones de mantenimiento un 60% con solo diez días de preaviso. Sin posibilidad de negociación. Un cambio unilateral de condiciones que vulnera la confianza del cliente y me obliga a buscar alternativas urgentemente.","Subida unilateral de comisiones con preaviso mínimo sin posibilidad de negociación","Pricing"
"3","El sistema de cita previa online falla constantemente. A veces te confirma la cita pero no aparece en el sistema cuando llegas. He llegado con cita reservada tres veces y me han dicho que no constaba. Un sistema de gestión de citas completamente poco fiable.","Sistema de cita previa con fallos que invalidan reservas confirmadas","Canales"
"9","Desde la app puedo contratar productos, hacer reclamaciones, firmar documentos y contactar con mi gestor por videollamada. Llevo doce meses sin necesitar ir a la sucursal para nada. La digitalización del banco es genuina y no solo cosmética.","App completa que permite gestión íntegra sin visitar sucursal","Canales"
"7","Las notificaciones push de cada pago con tarjeta son instantáneas y muy claras. Me ayudan a detectar cualquier cargo inesperado de forma inmediata. Gracias a esto detecté un cargo fraudulento en menos de cinco minutos y pude bloquearlo desde la misma notificación.","Notificaciones instantáneas de pagos útiles para detección de fraude","Canales"
"6","El precio del seguro de coche que contraté a través del banco es doce% más barato que la renovación que me daba mi aseguradora anterior. La cobertura es equivalente o mejor. Con la comodidad de tenerlo domiciliado en la misma cuenta. Una compra claramente ganadora en precio.","Seguro de coche más económico que alternativa previa con cobertura equivalente","Pricing"
"9","Las alertas de seguridad me notifican de inmediato ante cualquier intento de acceso inusual. Puedo bloquear la tarjeta desde la app en segundos. El doble factor de autenticación funciona perfectamente. Gracias a este sistema detecté un intento de fraude y evité perder 500 euros.","Sistema de alertas y seguridad digital que permitió evitar fraude","Canales"
"8","Mi gestor siempre me explica cada producto con claridad antes de contratarlo: ventajas, riesgos y alternativas. Nunca me ha presionado ni me ha hecho sentir ignorante. Gracias a su forma de trabajar confío plenamente en sus recomendaciones. Es el mayor activo que tiene el banco para mí.","Gestor que explica con claridad y sin presión antes de recomendar productos","Personal"
"2","Los agentes del call center no tienen capacidad para tomar ninguna decisión autónoma. Todo lo derivan a la oficina o a otro departamento. Son incapaces de resolver nada por sí mismos. El canal telefónico existe pero no sirve para gestiones que requieran alguna resolución.","Agentes telefónicos sin autonomía para resolver incidencias de forma independiente","Personal"
"9","El plan de pensiones permite aportaciones desde 40 euros al mes y puedo aumentarlas o reducirlas cuando quiero. La variedad de perfiles de inversión es amplia. Los informes periódicos son claros y detallados. Para la jubilación es la opción más completa que he encontrado.","Satisfacción con flexibilidad y transparencia en plan de pensiones","Productos"
"6","El equipo comercial llama con demasiada frecuencia para ofrecer productos. En el último mes he recibido seis llamadas no solicitadas. Entiendo que hay objetivos comerciales pero la insistencia genera rechazo. Una política de contacto más moderada sería más efectiva.","Exceso de llamadas comerciales no solicitadas que genera rechazo en el cliente","Personal"
"9","Por domiciliar cinco recibos en la cuenta me eliminaron todas las comisiones y me redujeron el diferencial de la hipoteca en quince puntos básicos. El ahorro anual real es de más de 500 euros. Las condiciones de vinculación son alcanzables y los beneficios son tangibles.","Ahorro significativo por vinculación con condiciones de domiciliación alcanzables","Pricing"
"10","El servicio de banca privada es excepcional. Mi asesor dedica tiempo real a conocer mis objetivos y personales. Las reuniones de seguimiento son frecuentes y productivas. Me siento completamente acompañado en cada decisión financiera importante. Justifica ampliamente lo que cuesta.","Excelente servicio de banca privada con asesoramiento personalizado profundo","Personal"
"9","Mi gestor me responde por mensaje en menos de media hora en horario laboral. No necesito llamar ni ir a la oficina para resolver dudas rápidas. Esta disponibilidad ágil transforma la relación con el banco. Se siente como tener un asesor de confianza siempre disponible.","Gestor muy accesible por mensajería con respuesta rápida","Personal"
"5","El horario del servicio telefónico es de 8:00 a 21:00. Si tienes una urgencia fuera de ese horario no puedes contactar con nadie. Para bloquear una tarjeta o reportar un fraude en fin de semana hay un número de emergencias pero no sirve para nada más. Muy limitado.","Horario de atención telefónica limitado sin cobertura para urgencias generales","Canales"
"9","Mi gestor me responde por mensaje en menos de una hora en horario laboral. No necesito llamar ni ir a la oficina para resolver dudas rápidas. Esta disponibilidad ágil transforma la relación con el banco. Se siente como tener un asesor de confianza siempre disponible.","Gestor muy accesible por mensajería con respuesta rápida","Personal"
"1","Me notificaron por carta que subían las comisiones de mantenimiento un 50% con solo quince días de preaviso. Sin posibilidad de negociación. Un cambio unilateral de condiciones que vulnera la confianza del cliente y me obliga a buscar alternativas urgentemente.","Subida unilateral de comisiones con preaviso mínimo sin posibilidad de negociación","Pricing"
"5","La web no está adaptada para móvil. Los botones son minúsculos y se superponen unos sobre otros. Los PDFs de los extractos no se abren desde el navegador del móvil. Si no tengo ordenador cerca es prácticamente imposible hacer ciertas gestiones.","Web bancaria no adaptada para uso en dispositivos móviles","Canales"
"4","El chatbot no entiende preguntas complejas. Responde siempre con respuestas genéricas que no se adaptan a mi situación. Cuando insisto me manda a un FAQ que tampoco resuelve mi duda. Al final tengo que llamar o ir a la oficina de todas formas. Un asistente inútil.","Chatbot incapaz de resolver consultas específicas y no genéricas","Canales"
"2","La cola en la oficina era de más de una hora el martes por la mañana con solo tres empleados para atender a más de veinticinco personas. El sistema de cita previa falla y no deja reservar. Es un servicio completamente colapsado que no funciona.","Colapso total en atención presencial de la sucursal sin cita previa funcional","Canales"
"3","Las comisiones de custodia de mi cartera de valores superan el 0.8% anual del patrimonio gestionado. Además cobran por cada operación de compraventa. Sumando todo, el banco se lleva más que los propios rendimientos del portfolio. Un coste completamente injustificado.","Comisiones de custodia de valores que superan los rendimientos del portfolio","Pricing"
"10","Cuando comparé hipotecas en el mercado este banco tenía el tipo fijo más bajo: un 2.8% frente a la media del 3.5% del sector. A veinte años de hipoteca la diferencia es de decenas de miles de euros. Una ventaja competitiva en precio que marca la elección.","Tipo fijo hipotecario más competitivo del mercado con ahorro objetivamente calculable","Pricing"
"4","Contraté un depósito a plazo al 2.5% TAE y al vencimiento el interés aplicado fue diferente. Cuando reclamé me mostraron una cláusula en un anexo de cincuenta páginas que reducía el tipo en determinadas condiciones. Me siento estafado con un producto que debería ser el más sencillo del mundo.","Condiciones reales del depósito a plazo distintas a las ofertadas inicialmente","Productos"
"3","El teléfono de atención al cliente tiene una espera media de cincuenta minutos. El menú de voz tiene cuatro niveles de opciones antes de poder hablar con alguien. Muchas veces me han cortado la llamada en la espera. Es el canal más frustrante de todos los que ofrece el banco.","Esperas excesivas y menú telefónico complejo que dificulta contacto con agente","Canales"
"8","Cuando el banco me llama para ofrecerme algo siempre es algo que realmente me puede interesar según mi perfil. Nunca me han ofrecido algo completamente fuera de lugar. Se nota que hay un trabajo de segmentación detrás. Es una comercialización inteligente que no molesta.","Comercialización segmentada y relevante que el cliente valora positivamente","Personal"
"7","El crédito al consumo lo aprobaron en cinco minutos de forma completamente online. Sin papeleo, sin ir a la oficina. El tipo fue razonable y las condiciones claras desde el principio. Para una compra importante es una alternativa cómoda y sin sorpresas.","Crédito al consumo aprobado digitalmente con rapidez y condiciones claras","Productos"
"1","El seguro de vida vinculado a la hipoteca tiene unas condiciones abusivas. Me cobran 100 euros al mes por una cobertura que apenas protege el 70% de la deuda. Cuando quise cancelarlo me dijeron que tenía penalización de dos años de primas. Me siento completamente atrapado.","Seguro de vida vinculado a hipoteca con condiciones abusivas y cancelación penalizada","Productos"
"1","Me cobraron intereses de demora del 28% por retrasar el pago tres días. Un porcentaje abusivo que no me explicaron al contratar la tarjeta. Además lo aplicaron sobre el total de la deuda y no solo sobre el importe vencido. Una práctica financiera que roza la usura.","Intereses de demora abusivos aplicados incorrectamente en tarjeta de crédito","Productos"
"10","La tarjeta de crédito no tiene cuota anual y tampoco cobra por operaciones en moneda extranjera. En mis seis viajes de este año no he pagado un solo euro en comisiones por cambio de divisa. Para alguien que viaja habitualmente es una tarjeta con un precio imbatible.","Tarjeta sin comisión anual ni por divisa ideal para clientes viajeros frecuentes","Pricing"
"9","La función de presupuestador de la app clasifica automáticamente mis gastos en categorías y me muestra gráficos semanales y mensuales. Me ha ayudado a detectar gastos recurrentes que no recordaba tener. Es una herramienta de finanzas personales muy completa integrada en el banco.","Presupuestador automático en app útil para control de gastos personales","Canales"
"9","La función de presupuestador de la app clasifica automáticamente mis gastos en categorías y me muestra gráficos semanales y mensuales. Me ha ayudado a detectar gastos recurrentes que no recordaba tener. Es una herramienta de finanzas personales muy completa integrada en el banco.","Presupuestador automático en app útil para control de gastos personales","Canales"
"4","El seguro de vida vinculado a la hipoteca me cuesta 80 euros al mes. Comparado con el mismo seguro en una aseguradora externa me cobran el doble. La razón es que el banco tiene margen sobre el seguro vinculado. Un precio abusivo aprovechando la posición de dominio.","Prima de seguro de vida vinculado a hipoteca muy superior al precio de mercado","Pricing"
"10","Todo el equipo de mi oficina es extraordinariamente profesional. Siempre con una sonrisa, resuelven cualquier incidencia al momento y me hacen sentir un cliente importante. Es el nivel de servicio que no he encontrado en ningún otro banco en quince años.","Excelencia generalizada en profesionalidad y calidez del equipo de la sucursal","Personal"
"9","Por domiciliar cuatro recibos en la cuenta me eliminaron todas las comisiones y me redujeron el diferencial de la hipoteca en diez puntos básicos. El ahorro anual real es de más de 1.000 euros. Las condiciones de vinculación son alcanzables y los beneficios son tangibles.","Ahorro significativo por vinculación con condiciones de domiciliación alcanzables","Pricing"
"9","El préstamo personal se resolvió en menos de 48 horas desde la solicitud online. Las condiciones eran exactamente las del simulador. Sin seguros vinculados obligatorios y con posibilidad de amortización anticipada sin coste. Para una urgencia económica es la solución perfecta.","Préstamo personal aprobado en tiempo récord sin condiciones abusivas","Productos"
"8","La cuenta nómina no tiene comisión de mantenimiento con solo domiciliar la nómina. Una condición muy sencilla que me da acceso a tarjeta de débito gratuita y transferencias sin coste. La mejor relación precio-valor que he encontrado en la banca tradicional.","Cuenta nómina sin comisión con condición de domiciliación sencilla y alcanzable","Pricing"
"5","El equipo comercial llama con demasiada frecuencia para ofrecer productos. En el último mes he recibido tres llamadas no solicitadas. Entiendo que hay objetivos comerciales pero la insistencia genera rechazo. Una política de contacto más moderada sería más efectiva.","Exceso de llamadas comerciales no solicitadas que genera rechazo en el cliente","Personal"
"8","La tarjeta de crédito funciona perfectamente en el extranjero sin comisión por cambio de divisa. La puedo congelar y descongelar desde la app en segundos. El límite es adecuado a mis necesidades y puedo ampliarlo de forma temporal. Una tarjeta sin complicaciones ni sorpresas.","Tarjeta de crédito sin comisiones por divisa y gestión ágil desde app","Productos"
"1","Me notificaron por carta que subían las comisiones de mantenimiento un 60% con solo diez días de preaviso. Sin posibilidad de negociación. Un cambio unilateral de condiciones que vulnera la confianza del cliente y me obliga a buscar alternativas urgentemente.","Subida unilateral de comisiones con preaviso mínimo sin posibilidad de negociación","Pricing"
"9","Mi gestora conoce perfectamente mi situación financiera, mis objetivos y mis aversiones al riesgo. Nunca me ha propuesto un producto que no se ajuste a mi perfil. Sus recomendaciones han sido siempre acertadas. Es exactamente el tipo de asesoramiento que espero de un banco de confianza.","Asesora con conocimiento profundo del perfil y objetivos del cliente","Personal"
"8","El cashback del 2% en supermercados, gasolineras y restaurantes se aplica automáticamente sin activación manual. El mes pasado recuperé 50 euros solo con gastos habituales. Es un beneficio real y tangible que otros bancos no ofrecen con tanta sencillez.","Cashback automático aplicado correctamente en categorías de gasto cotidiano","Pricing"
"8","Los cajeros del banco están distribuidos por toda la ciudad y rara vez están fuera de servicio. El proceso de operación es rápido e intuitivo. Además puedo hacer ingresos en efectivo en la mayoría de ellos. Un servicio de cajeros fiable y bien mantenido.","Buena disponibilidad y mantenimiento de la red de cajeros","Canales"
"4","Cobran comisión por hacer una transferencia SEPA dentro de la Unión Europea. Esto lleva años siendo contrario a la normativa europea. Ellos la envuelven como gasto de gestión pero es lo mismo. Una práctica que perjudica al cliente y que debería estar prohibida.","Cobro encubierto por transferencia SEPA contrario a regulación europea","Pricing"
"4","La tarjeta de crédito tiene una cuota anual de 80 euros y los beneficios no justifican ese coste. El cashback es del 0.3% y los seguros de viaje tienen tantas exclusiones que son prácticamente inútiles. Pago por una tarjeta que no me aporta valor real.","Cuota anual de tarjeta no compensada por los beneficios reales que ofrece","Pricing"
"4","Los empleados de la oficina no están actualizados sobre los productos digitales del banco. Cuando pregunté por una funcionalidad de la app me dieron información que llevaba meses obsoleta. Si ellos no saben cómo funcionan sus propios productos, ¿cómo van a asesorar a los clientes?","Personal no actualizado sobre productos y funcionalidades digitales del propio banco","Personal"
"8","Al hablar en catalán el empleado me respondió en el mismo idioma sin ningún problema. Toda la documentación también está disponible en catalán. Es un detalle que valoro mucho y que demuestra respeto por la diversidad lingüística de los clientes.","Atención en lengua propia y documentación en catalán disponible en la sucursal","Personal"
"5","La tarjeta de crédito tiene una cuota anual de 100 euros y los beneficios no justifican ese coste. El cashback es del 0.2% y los seguros de viaje tienen tantas exclusiones que son prácticamente inútiles. Pago por una tarjeta que no me aporta valor real.","Cuota anual de tarjeta no compensada por los beneficios reales que ofrece","Pricing"
"3","Es imposible contactar con mi gestor asignado. No coge el teléfono, no responde emails y cuando llamo a la oficina siempre está ocupado. Para cualquier gestión tengo que ir en persona porque el canal directo con mi gestor está completamente roto.","Inaccesibilidad total del gestor asignado por todos los canales disponibles","Personal"
"10","Las alertas de seguridad me notifican de inmediato ante cualquier intento de acceso inusual. Puedo bloquear la tarjeta desde la app en segundos. El doble factor de autenticación funciona perfectamente. Gracias a este sistema detecté un intento de fraude y evité perder 1.000 euros.","Sistema de alertas y seguridad digital que permitió evitar fraude","Canales"
"10","Tuve una situación económica muy difícil y mi asesora me ayudó a reestructurar mis deudas sin juzgarme. Me propuso un plan realista y me fue acompañando durante todo el proceso. Gracias a su gestión pude superar una situación que parecía imposible. Le estaré siempre agradecido.","Asesora empática que gestionó reestructuración de deuda con éxito en momento difícil","Personal"
"3","La app no está optimizada para tablets. Los menús se ven cortados y muchos botones no responden. Tampoco funciona bien en el último sistema operativo iOS. Para una empresa bancaria que dice apostar por lo digital es una vergüenza tener una app tan mal adaptada.","App bancaria mal optimizada para tablets y versiones recientes de sistema operativo","Canales"
"7","Mi gestor siempre me explica cada producto con claridad antes de contratarlo: ventajas, riesgos y alternativas. Nunca me ha presionado ni me ha hecho sentir ignorante. Gracias a su forma de trabajar confío plenamente en sus recomendaciones. Es el mayor activo que tiene el banco para mí.","Gestor que explica con claridad y sin presión antes de recomendar productos","Personal"
"9","Los fondos indexados que ofrece el banco tienen comisiones de gestión del 0.15% y réplica fiel al índice. Puedo invertir desde 50 euros mensuales de forma automatizada. Es una forma cómoda de acceder a los mercados globales sin gestión activa. Muy satisfecho con la oferta.","Satisfacción con oferta de fondos indexados de bajo coste","Productos"
"7","El servicio telefónico resuelve bien las consultas básicas de forma rápida. Para gestiones más complejas hay que esperar más tiempo pero eventualmente se resuelven. La calidad del servicio depende mucho de qué agente te toca. Bastante desigual pero en promedio funciona.","Calidad de atención telefónica variable según agente con resultado promedio aceptable","Personal"
"2","Me cobraron 0.20 euros por consultar el saldo en un cajero de otra entidad. En la era del banco digital cobrar por consultar tu propio saldo es completamente anacrónico. Además no me lo informaron al contratar la cuenta. Una comisión pequeña pero muy reveladora de la cultura del banco.","Comisión por consulta de saldo en cajero ajeno anacrónica y no informada al contratar","Pricing"
"9","El depósito a plazo fijo al 3.5% TAE a veinticuatro meses me ofrece certeza total sobre la rentabilidad. No hay letra pequeña, no hay vinculaciones, no hay condiciones. El importe mínimo es asequible y la renovación automática es opcional. Exactamente lo que espero de un producto de ahorro.","Satisfacción con transparencia y condiciones claras del depósito a plazo","Productos"
"9","La empleada de ventanilla que me atendió fue muy amable y eficiente. Resolvió mi consulta en ocho minutos, me explicó todas las opciones disponibles y me ayudó a elegir la mejor. Una atención presencial que supera las expectativas.","Atención eficiente y amable en ventanilla con buena orientación al cliente","Personal"
"7","El chatbot resuelve perfectamente las consultas habituales: saldo, últimos movimientos, bloqueo de tarjeta o estado de una transferencia. Cuando no puede resolver algo deriva a un agente humano de forma fluida. Está disponible las veinticuatro horas y eso tiene mucho valor.","Chatbot funcional para gestiones habituales con derivación fluida a agente","Canales"
"4","El seguro de vida vinculado a la hipoteca me cuesta 100 euros al mes. Comparado con el mismo seguro en una aseguradora externa me cobran el doble. La razón es que el banco tiene margen sobre el seguro vinculado. Un precio abusivo aprovechando la posición de dominio.","Prima de seguro de vida vinculado a hipoteca muy superior al precio de mercado","Pricing"
"9","Desde la app puedo retirar efectivo en cualquier cajero del banco sin tarjeta física usando solo el móvil. Genero un código QR y lo escaneo en el cajero. Es muy útil cuando olvido la cartera. Una funcionalidad práctica que no he visto en otros bancos.","Extracción de efectivo sin tarjeta mediante código QR desde app","Canales"
"8","La cuenta empresarial me permite gestionar cobros, pagos a proveedores y nóminas todo desde la misma plataforma. Las transferencias nacionales son inmediatas. El 20% de descuento en el TPV es un ahorro real. Para mi pequeño negocio es la solución ideal.","Satisfacción con funcionalidades de cuenta empresarial para pequeño negocio","Productos"
"10","Cuando comparé hipotecas en el mercado este banco tenía el tipo fijo más bajo: un 2.8% frente a la media del 3.5% del sector. A treinta años de hipoteca la diferencia es de decenas de miles de euros. Una ventaja competitiva en precio que marca la elección.","Tipo fijo hipotecario más competitivo del mercado con ahorro objetivamente calculable","Pricing"
"8","El cashback del 3% en supermercados, gasolineras y restaurantes se aplica automáticamente sin activación manual. El mes pasado recuperé 80 euros solo con gastos habituales. Es un beneficio real y tangible que otros bancos no ofrecen con tanta sencillez.","Cashback automático aplicado correctamente en categorías de gasto cotidiano","Pricing"
"10","Este banco no cobra comisión de ningún tipo: ni por mantenimiento de cuenta, ni por transferencias nacionales, ni por usar cajeros propios o de otras entidades. Todo incluido sin condiciones ocultas. No esperaba encontrar un banco sin comisiones con tan buen servicio integral.","Cero comisiones en todos los servicios sin condiciones ocultas","Pricing"
"8","El tipo de interés de la hipoteca variable es Euríbor más 0.75%. Un diferencial muy competitivo. Además puedo hacer novación a tipo fijo sin coste en cualquier momento. Esta flexibilidad en el precio de la hipoteca me parece un valor diferencial importante.","Diferencial hipotecario competitivo con opción de novación a fijo sin coste","Pricing"
"10","La cuenta nómina no tiene ninguna comisión con solo domiciliar la nómina. Incluye seguro de accidentes, descuento del 0.3% en la hipoteca y tarjeta sin cuota anual. El conjunto de beneficios supera con creces lo que me cobrarían en otros bancos por servicios equivalentes.","Cuenta nómina con amplio paquete de beneficios por vinculación","Productos"
"8","La cita previa online se puede reservar a cualquier hora del día. En dos minutos tienes confirmación por email y SMS con todos los detalles. El día de la cita el tiempo de espera fue de menos de dos minutos. Un sistema que respeta el tiempo del cliente.","Sistema de cita previa digital eficiente con tiempos de espera mínimos","Canales"
"10","Todo el equipo de mi oficina es extraordinariamente profesional. Siempre con una sonrisa, resuelven cualquier incidencia al momento y me hacen sentir un cliente importante. Es el nivel de servicio que no he encontrado en ningún otro banco en diez años.","Excelencia generalizada en profesionalidad y calidez del equipo de la sucursal","Personal"
"2","El director de la oficina fue muy brusco cuando presenté una reclamación formal. Me interrumpió varias veces y minimizó mi problema. Al final me remitió a enviar un email sin resolver nada. Me fui de la oficina sintiéndome humillado y sin solución.","Trato irrespetuoso del director de oficina ante reclamación formal del cliente","Personal"
"4","La web no está adaptada para móvil. Los botones son minúsculos y se superponen unos sobre otros. Los PDFs de los extractos no se abren desde el navegador del móvil. Si no tengo ordenador cerca es prácticamente imposible hacer ciertas gestiones.","Web bancaria no adaptada para uso en dispositivos móviles","Canales"
"4","Cuando mi madre mayor fue a la oficina a hacer una gestión sencilla el empleado le habló muy rápido con jerga financiera que ella no entendía. Nadie tuvo la paciencia de explicarle las cosas despacio. El banco necesita formación en atención a clientes mayores.","Falta de adaptación en la atención a clientes mayores con menor alfabetización financiera","Personal"
"4","El renting que me ofrecieron tenía una letra pequeña con penalizaciones por exceso de kilómetros que triplicaban la cuota mensual. Nadie me lo explicó claramente. Al entregar el coche me pasaron una factura inesperada de 600 euros. Un producto poco transparente y con sorpresas al final.","Penalizaciones ocultas en contrato de renting no explicadas al contratar","Productos"
"2","Cuando quise cancelar el préstamo personal anticipadamente me cobraron una penalización del 3% sobre el capital pendiente. Esto no me lo explicaron al contratar. Lo descubrí en un anexo de cincuenta páginas del contrato. Me costó más cancelar que terminar de pagar los plazos.","Penalización por cancelación anticipada de préstamo no informada al contratar","Productos"
"2","El tipo de interés del crédito al consumo es del 16% TAE para un cliente sin incidencias. La competencia ofrece la mitad. Cuando lo intenté negociar me dijeron que era tarifa fija sin excepciones. Para financiación de consumo este banco no es una opción válida.","Tipo de interés en crédito al consumo muy elevado sin posibilidad de negociación","Pricing"
"8","Cuando el banco me llama para ofrecerme algo siempre es algo que realmente me puede interesar según mi perfil. Nunca me han ofrecido algo completamente fuera de lugar. Se nota que hay un trabajo de segmentación detrás. Es una comercialización inteligente que no molesta.","Comercialización segmentada y relevante que el cliente valora positivamente","Personal"
"8","El préstamo personal se resolvió en menos de 36 horas desde la solicitud online. Las condiciones eran exactamente las del simulador. Sin seguros vinculados obligatorios y con posibilidad de amortización anticipada sin coste. Para una urgencia económica es la solución perfecta.","Préstamo personal aprobado en tiempo récord sin condiciones abusivas","Productos"
"9","El depósito a plazo fijo al 3.5% TAE a veinticuatro meses me ofrece certeza total sobre la rentabilidad. No hay letra pequeña, no hay vinculaciones, no hay condiciones. El importe mínimo es asequible y la renovación automática es opcional. Exactamente lo que espero de un producto de ahorro.","Satisfacción con transparencia y condiciones claras del depósito a plazo","Productos"
"1","La app me bloqueó la cuenta sin motivo aparente justo antes de un viaje importante. No pude operar durante cuatro días. El proceso de desbloqueo requirió ir a la oficina con documentación original. Nadie me explicó por qué se bloqueó. Un sistema de seguridad que penaliza al cliente legítimo.","Bloqueo injustificado de cuenta por la app en momento crítico sin explicación","Canales"
"9","El programa de puntos de la tarjeta es muy generoso: cuatro puntos por cada euro gastado y se pueden canjear por viajes, electrodomésticos o descuentos en compras. Ya he canjeado treinta mil puntos este año. Sin fecha de caducidad de los puntos. Un programa de fidelización bien diseñado.","Satisfacción con programa de puntos generoso y sin caducidad","Productos"
"4","Cada vez que voy a la oficina o llamo me atiende una persona diferente y nadie conoce mi historial. Tengo que repetir siempre la misma información desde cero. Esta descoordinación interna hace la relación con el banco completamente impersonal y frustrante.","Descoordinación interna que obliga al cliente a repetir información en cada contacto","Personal"
"8","La empleada de ventanilla que me atendió fue muy amable y eficiente. Resolvió mi consulta en diez minutos, me explicó todas las opciones disponibles y me ayudó a elegir la mejor. Una atención presencial que supera las expectativas.","Atención eficiente y amable en ventanilla con buena orientación al cliente","Personal"
"6","La web es funcional y permite hacer las gestiones básicas. El diseño es algo anticuado pero los menús son fáciles de entender. A veces va lenta en horas pico. No es la mejor experiencia digital pero tampoco impide operar con normalidad.","Web bancaria funcional pero con diseño anticuado y rendimiento variable","Canales"
"10","El plan de pensiones supera todas mis expectativas. La rentabilidad anual ha sido superior al 10% en los últimos tres años. Puedo cambiar el perfil de riesgo sin penalización y las comisiones de gestión son de las más bajas del sector. El mejor producto de ahorro a largo plazo que conozco.","Alta rentabilidad y bajas comisiones en plan de pensiones","Productos"
"2","La oficina solo abre de lunes a viernes de 8:30 a 14:00. Para alguien que trabaja en esas horas es imposible ir. No tienen horario de tarde ni sábados. La única alternativa es pedir cita con semanas de antelación. El banco no se ha adaptado a los horarios reales de la vida laboral.","Horario de sucursal incompatible con jornada laboral sin alternativa de tarde o sábado","Canales"
"8","La cuenta nómina no tiene comisión de mantenimiento con solo domiciliar la nómina. Una condición muy sencilla que me da acceso a tarjeta de débito gratuita y transferencias sin coste. La mejor relación precio-valor que he encontrado en la banca tradicional.","Cuenta nómina sin comisión con condición de domiciliación sencilla y alcanzable","Pricing"
"4","El Bizum del banco tiene un límite de 500 euros diarios muy restrictivo comparado con otros bancos. Además hay un máximo de ocho operaciones al día. Para alguien que usa Bizum para negocios pequeños estas limitaciones son un serio problema operativo.","Limitaciones excesivas de Bizum por importe y número de operaciones diarias","Canales"
"1","Me cobraron intereses de demora del 26% por retrasar el pago cuatro días. Un porcentaje abusivo que no me explicaron al contratar la tarjeta. Además lo aplicaron sobre el total de la deuda y no solo sobre el importe vencido. Una práctica financiera que roza la usura.","Intereses de demora abusivos aplicados incorrectamente en tarjeta de crédito","Productos"
"7","La tarjeta de crédito funciona perfectamente en el extranjero sin comisión por cambio de divisa. La puedo congelar y descongelar desde la app en segundos. El límite es adecuado a mis necesidades y puedo ampliarlo de forma temporal. Una tarjeta sin complicaciones ni sorpresas.","Tarjeta de crédito sin comisiones por divisa y gestión ágil desde app","Productos"
"4","La web no está adaptada para móvil. Los botones son minúsculos y se superponen unos sobre otros. Los PDFs de los extractos no se abren desde el navegador del móvil. Si no tengo ordenador cerca es prácticamente imposible hacer ciertas gestiones.","Web bancaria no adaptada para uso en dispositivos móviles","Canales"
"10","El director de la oficina intervino personalmente para resolver una incidencia compleja que otros empleados no habían podido solucionar. Fue directo, eficiente y empático. En menos de treinta minutos el problema estaba resuelto. Un directivo que lidera con el ejemplo.","Director de oficina que interviene eficazmente para resolver incidencias complejas","Personal"
"9","El préstamo personal se resolvió en menos de 24 horas desde la solicitud online. Las condiciones eran exactamente las del simulador. Sin seguros vinculados obligatorios y con posibilidad de amortización anticipada sin coste. Para una urgencia económica es la solución perfecta.","Préstamo personal aprobado en tiempo récord sin condiciones abusivas","Productos"
"3","El empleado de ventanilla que me atendió tenía poca formación sobre los productos digitales del banco. Me dio información incorrecta sobre una funcionalidad de la app. Si los empleados presenciales no conocen sus propios productos, ¿cómo pueden asesorar a los clientes?","Empleado de ventanilla con conocimiento insuficiente sobre productos digitales del banco","Personal"
"5","El tipo de interés de la hipoteca es aceptable aunque no el más bajo del mercado. Lo compensan con menos comisiones de apertura y más flexibilidad en amortizaciones. En el coste total de la hipoteca a largo plazo acaba siendo una opción competitiva si se considera todo.","Tipo hipotecario compensado por menor coste en comisiones y mayor flexibilidad","Pricing"
"8","La empleada de ventanilla que me atendió fue muy amable y eficiente. Resolvió mi consulta en diez minutos, me explicó todas las opciones disponibles y me ayudó a elegir la mejor. Una atención presencial que supera las expectativas.","Atención eficiente y amable en ventanilla con buena orientación al cliente","Personal"
"9","Cuando el banco me llama para ofrecerme algo siempre es algo que realmente me puede interesar según mi perfil. Nunca me han ofrecido algo completamente fuera de lugar. Se nota que hay un trabajo de segmentación detrás. Es una comercialización inteligente que no molesta.","Comercialización segmentada y relevante que el cliente valora positivamente","Personal"
"6","El pago con el móvil funciona en la mayoría de comercios pero he tenido algunos problemas en gasolineras y parking automáticos. El proceso de configuración inicial fue algo complejo. Una vez configurado es cómodo para el día a día aunque con margen de mejora en compatibilidad.","Pago por móvil funcional con problemas de compatibilidad en algunos terminales","Canales"
"9","Todos mis contratos, extractos y certificados están disponibles de forma digital en la app. Puedo descargar cualquier documento de los últimos siete años en PDF. Nunca necesito llamar para pedir documentación. Esto ahorra mucho tiempo y papel. La digitalización documental es sobresaliente.","Archivo documental digital completo y accesible desde la app","Canales"
"10","Tuve una situación económica muy difícil y mi asesora me ayudó a reestructurar mis deudas sin juzgarme. Me propuso un plan realista y me fue acompañando durante todo el proceso. Gracias a su gestión pude superar una situación que parecía imposible. Le estaré siempre agradecido.","Asesora empática que gestionó reestructuración de deuda con éxito en momento difícil","Personal"
"9","El préstamo personal se resolvió en menos de 36 horas desde la solicitud online. Las condiciones eran exactamente las del simulador. Sin seguros vinculados obligatorios y con posibilidad de amortización anticipada sin coste. Para una urgencia económica es la solución perfecta.","Préstamo personal aprobado en tiempo récord sin condiciones abusivas","Productos"
"2","El fondo de inversión activo que me recomendaron ha perdido un 8% en dos años mientras el índice de referencia subía. Las comisiones de gestión superan el 2% anual. Me siento engañado por un producto que prometía rendimientos superiores al mercado y no ha cumplido.","Pérdidas en fondo activo con comisiones altas sin justificación de rendimiento","Productos"
"3","Cada vez que voy a la oficina o llamo me atiende una persona diferente y nadie conoce mi historial. Tengo que repetir siempre la misma información desde cero. Esta descoordinación interna hace la relación con el banco completamente impersonal y frustrante.","Descoordinación interna que obliga al cliente a repetir información en cada contacto","Personal"
"9","La cuenta nómina tiene condiciones muy buenas: sin comisiones, transferencias gratuitas y descuentos en seguros. Tardé quince minutos en abrirla completamente online. El único punto negativo es que el seguro de accidentes tiene una cobertura algo limitada pero en general es un excelente producto.","Satisfacción con cuenta nómina digital con proceso de apertura ágil","Productos"
"3","El chatbot no entiende preguntas complejas. Responde siempre con respuestas genéricas que no se adaptan a mi situación. Cuando insisto me manda a un FAQ que tampoco resuelve mi duda. Al final tengo que llamar o ir a la oficina de todas formas. Un asistente inútil.","Chatbot incapaz de resolver consultas específicas y no genéricas","Canales"
"4","Contraté un depósito a plazo al 3.5% TAE y al vencimiento el interés aplicado fue diferente. Cuando reclamé me mostraron una cláusula en un anexo de cuarenta páginas que reducía el tipo en determinadas condiciones. Me siento estafado con un producto que debería ser el más sencillo del mundo.","Condiciones reales del depósito a plazo distintas a las ofertadas inicialmente","Productos"
"8","La cuenta de ahorro da un 3.5% TAE sin vinculaciones obligatorias ni plazos mínimos. El dinero está disponible en cualquier momento. Con la inflación controlándose es una buena opción para el ahorro a corto plazo. El mejor tipo que he encontrado en banca tradicional.","Cuenta ahorro con tipo competitivo y disponibilidad inmediata sin condiciones","Pricing"
"1","El seguro de vida vinculado a la hipoteca tiene unas condiciones abusivas. Me cobran 90 euros al mes por una cobertura que apenas protege el 70% de la deuda. Cuando quise cancelarlo me dijeron que tenía penalización de dos años de primas. Me siento completamente atrapado.","Seguro de vida vinculado a hipoteca con condiciones abusivas y cancelación penalizada","Productos"
"2","Me cobraron 0.20 euros por consultar el saldo en un cajero de otra entidad. En la era del banco digital cobrar por consultar tu propio saldo es completamente anacrónico. Además no me lo informaron al contratar la cuenta. Una comisión pequeña pero muy reveladora de la cultura del banco.","Comisión por consulta de saldo en cajero ajeno anacrónica y no informada al contratar","Pricing"
"5","El equipo comercial llama con demasiada frecuencia para ofrecer productos. En el último mes he recibido cuatro llamadas no solicitadas. Entiendo que hay objetivos comerciales pero la insistencia genera rechazo. Una política de contacto más moderada sería más efectiva.","Exceso de llamadas comerciales no solicitadas que genera rechazo en el cliente","Personal"
"9","Mi gestora conoce perfectamente mi situación financiera, mis objetivos y mis aversiones al riesgo. Nunca me ha propuesto un producto que no se ajuste a mi perfil. Sus recomendaciones han sido siempre acertadas. Es exactamente el tipo de asesoramiento que espero de un banco de confianza.","Asesora con conocimiento profundo del perfil y objetivos del cliente","Personal"
"7","La empleada de ventanilla que me atendió fue muy amable y eficiente. Resolvió mi consulta en cinco minutos, me explicó todas las opciones disponibles y me ayudó a elegir la mejor. Una atención presencial que supera las expectativas.","Atención eficiente y amable en ventanilla con buena orientación al cliente","Personal"
"4","Cobran comisión por hacer una transferencia SEPA dentro de la Unión Europea. Esto lleva años siendo contrario a la normativa europea. Ellos la envuelven como gasto de gestión pero es lo mismo. Una práctica que perjudica al cliente y que debería estar prohibida.","Cobro encubierto por transferencia SEPA contrario a regulación europea","Pricing"
"4","El chatbot no entiende preguntas complejas. Responde siempre con respuestas genéricas que no se adaptan a mi situación. Cuando insisto me manda a un FAQ que tampoco resuelve mi duda. Al final tengo que llamar o ir a la oficina de todas formas. Un asistente inútil.","Chatbot incapaz de resolver consultas específicas y no genéricas","Canales"
"3","El Bizum del banco tiene un límite de 300 euros diarios muy restrictivo comparado con otros bancos. Además hay un máximo de cinco operaciones al día. Para alguien que usa Bizum para negocios pequeños estas limitaciones son un serio problema operativo.","Limitaciones excesivas de Bizum por importe y número de operaciones diarias","Canales"
"8","Las alertas de seguridad me notifican de inmediato ante cualquier intento de acceso inusual. Puedo bloquear la tarjeta desde la app en segundos. El doble factor de autenticación funciona perfectamente. Gracias a este sistema detecté un intento de fraude y evité perder 1.000 euros.","Sistema de alertas y seguridad digital que permitió evitar fraude","Canales"
"3","Cuando mi madre mayor fue a la oficina a hacer una gestión sencilla el empleado le habló muy rápido con jerga financiera que ella no entendía. Nadie tuvo la paciencia de explicarle las cosas despacio. El banco necesita formación en atención a clientes mayores.","Falta de adaptación en la atención a clientes mayores con menor alfabetización financiera","Personal"
"4","El depósito a plazo que contraté al 3% al vencimiento había aplicado el interés sobre el saldo neto de comisiones de cuenta. La rentabilidad real fue del 3.1%. Una forma opaca de reducir el tipo efectivo que no se explica en la publicidad del producto.","Rentabilidad real del depósito reducida por comisiones de cuenta no comunicadas","Pricing"
"5","Después de la última actualización la app tardó dos días en funcionar con normalidad. Hubo transacciones que no se procesaron correctamente y tuve que ir a la oficina a resolverlas. Las actualizaciones deberían probarse antes de lanzarlas masivamente a los clientes.","Actualización de app que causó fallos en transacciones y requirió visita a sucursal","Canales"
"4","Es imposible contactar con mi gestor asignado. No coge el teléfono, no responde emails y cuando llamo a la oficina siempre está ocupado. Para cualquier gestión tengo que ir en persona porque el canal directo con mi gestor está completamente roto.","Inaccesibilidad total del gestor asignado por todos los canales disponibles","Personal"
"10","Por domiciliar cuatro recibos en la cuenta me eliminaron todas las comisiones y me redujeron el diferencial de la hipoteca en veinticinco puntos básicos. El ahorro anual real es de más de 1.000 euros. Las condiciones de vinculación son alcanzables y los beneficios son tangibles.","Ahorro significativo por vinculación con condiciones de domiciliación alcanzables","Pricing"
"1","Me cobraron intereses de demora del 26% por retrasar el pago tres días. Un porcentaje abusivo que no me explicaron al contratar la tarjeta. Además lo aplicaron sobre el total de la deuda y no solo sobre el importe vencido. Una práctica financiera que roza la usura.","Intereses de demora abusivos aplicados incorrectamente en tarjeta de crédito","Productos"
"2","Contraté un depósito a plazo al 2.5% TAE y al vencimiento el interés aplicado fue diferente. Cuando reclamé me mostraron una cláusula en un anexo de treinta y cinco páginas que reducía el tipo en determinadas condiciones. Me siento estafado con un producto que debería ser el más sencillo del mundo.","Condiciones reales del depósito a plazo distintas a las ofertadas inicialmente","Productos"
"4","Mi tarjeta de crédito tiene un límite de 800 euros que no me suben desde hace tres años aunque lo solicito cada seis meses. Con ese límite no puedo hacer reservas de hotel ni alquilar coches en el extranjero. Es un producto completamente inútil para mis necesidades actuales.","Límite de crédito insuficiente sin posibilidad de ampliación tras múltiples solicitudes","Productos"
"9","La posibilidad de hacer videollamadas con mi gestor desde casa es muy cómoda. La calidad de imagen y sonido es buena. Puedo firmar documentos digitalmente durante la llamada. Me ahorra desplazamientos para gestiones importantes. Es una funcionalidad que debería ser estándar en todos los bancos.","Satisfacción con videollamada con gestor para firma digital de documentos","Canales"
"5","Tienen una selección razonable de ETFs de mercados desarrollados pero escasa en emergentes y alternativos. Las comisiones son aceptables aunque no las más bajas del mercado. La plataforma de negociación es funcional pero poco visual. Cumple para el inversor básico pero no para perfiles avanzados.","Oferta de ETFs correcta pero limitada para inversores con perfil avanzado","Productos"
"1","El seguro de vida vinculado a la hipoteca tiene unas condiciones abusivas. Me cobran 80 euros al mes por una cobertura que apenas protege el 70% de la deuda. Cuando quise cancelarlo me dijeron que tenía penalización de dos años de primas. Me siento completamente atrapado.","Seguro de vida vinculado a hipoteca con condiciones abusivas y cancelación penalizada","Productos"
"2","Mi reclamación formal lleva dos meses sin resolución. Me han llamado dos veces para pedirme más información que ya había enviado. Cada llamada es de una persona diferente que no conoce el caso. El proceso de reclamaciones parece diseñado para que el cliente se rinda.","Proceso de reclamación prolongado con falta de coordinación interna y seguimiento","Personal"
"9","La cuenta nómina tiene condiciones muy buenas: sin comisiones, transferencias gratuitas y descuentos en seguros. Tardé veinte minutos en abrirla completamente online. El único punto negativo es que el seguro de accidentes tiene una cobertura algo limitada pero en general es un excelente producto.","Satisfacción con cuenta nómina digital con proceso de apertura ágil","Productos"
"1","Me prometieron un tipo fijo del 3.0% y al firmar era el 3.2%. Nadie me avisó del cambio. Cuando reclamé me dijeron que había sido un error administrativo y que ya no podían modificarlo. Firmé bajo presión porque ya tenía fecha de notaría. Me siento completamente engañado.","Modificación de tipo hipotecario sin previo aviso al momento de la firma","Productos"
"3","El teléfono de atención al cliente tiene una espera media de cuarenta minutos. El menú de voz tiene tres niveles de opciones antes de poder hablar con alguien. Muchas veces me han cortado la llamada en la espera. Es el canal más frustrante de todos los que ofrece el banco.","Esperas excesivas y menú telefónico complejo que dificulta contacto con agente","Canales"
"9","La gama de ETFs disponibles es amplia: mercados desarrollados, emergentes, sectoriales y temáticos. Las comisiones de compraventa son de 0.1% sin mínimo por operación. Puedo operar directamente desde la app. Para un inversor pasivo es la mejor plataforma que he encontrado en banca tradicional.","Buena oferta de ETFs con comisiones competitivas y acceso desde app","Productos"
"10","Tuve una situación económica muy difícil y mi asesora me ayudó a reestructurar mis deudas sin juzgarme. Me propuso un plan realista y me fue acompañando durante todo el proceso. Gracias a su gestión pude superar una situación que parecía imposible. Le estaré siempre agradecido.","Asesora empática que gestionó reestructuración de deuda con éxito en momento difícil","Personal"
"5","Las comisiones del banco están en la media del mercado. Ni muy baratas ni muy caras. Los precios están documentados en la web aunque hay que buscarlos un poco. No tengo quejas pero tampoco motivos para recomendarlos especialmente por precio frente a alternativas más económicas.","Estructura de precios media del mercado sin ventajas ni desventajas competitivas claras","Pricing"
"3","La app no está optimizada para tablets. Los menús se ven cortados y muchos botones no responden. Tampoco funciona bien en el último sistema operativo iOS. Para una empresa bancaria que dice apostar por lo digital es una vergüenza tener una app tan mal adaptada.","App bancaria mal optimizada para tablets y versiones recientes de sistema operativo","Canales"
"8","La banca online permite gestionar absolutamente todo: contratar productos, ver histórico de siete años, descargar certificados y configurar alertas. Los tiempos de carga son rápidos incluso en conexión lenta. Es la plataforma web bancaria más completa que he usado.","Banca online completa y rápida con acceso a histórico extenso","Canales"
"2","Cuando mi madre mayor fue a la oficina a hacer una gestión sencilla el empleado le habló muy rápido con jerga financiera que ella no entendía. Nadie tuvo la paciencia de explicarle las cosas despacio. El banco necesita formación en atención a clientes mayores.","Falta de adaptación en la atención a clientes mayores con menor alfabetización financiera","Personal"
"3","El sistema de cita previa online falla constantemente. A veces te confirma la cita pero no aparece en el sistema cuando llegas. He llegado con cita reservada dos veces y me han dicho que no constaba. Un sistema de gestión de citas completamente poco fiable.","Sistema de cita previa con fallos que invalidan reservas confirmadas","Canales"
"2","Las comisiones de custodia de mi cartera de valores superan el 0.8% anual del patrimonio gestionado. Además cobran por cada operación de compraventa. Sumando todo, el banco se lleva más que los propios rendimientos del portfolio. Un coste completamente injustificado.","Comisiones de custodia de valores que superan los rendimientos del portfolio","Pricing"
"9","Desde la app puedo retirar efectivo en cualquier cajero del banco sin tarjeta física usando solo el móvil. Genero un código QR y lo escaneo en el cajero. Es muy útil cuando olvido la cartera. Una funcionalidad práctica que no he visto en otros bancos.","Extracción de efectivo sin tarjeta mediante código QR desde app","Canales"
"9","Todas las comisiones del banco están perfectamente detalladas en un documento de tarifas fácil de encontrar en la web. Sin letra pequeña ni condiciones ocultas. Cuando pregunto me explican el coste exacto antes de hacer cualquier operación. Una transparencia en precios que se agradece.","Alta transparencia en comunicación de tarifas y precios antes de operar","Pricing"
"3","La hipoteca variable me está destrozando con la subida del Euríbor. Cuando la contraté me explicaron muy poco los riesgos de la variabilidad. No me ofrecieron alternativa fija ni me informaron de la posibilidad de novación. Me siento desinformado en el momento más importante de mi vida financiera.","Falta de información sobre riesgo de hipoteca variable al momento de la contratación","Productos"
"9","Mi gestor me responde por mensaje en menos de una hora en horario laboral. No necesito llamar ni ir a la oficina para resolver dudas rápidas. Esta disponibilidad ágil transforma la relación con el banco. Se siente como tener un asesor de confianza siempre disponible.","Gestor muy accesible por mensajería con respuesta rápida","Personal"
"4","Las comisiones del banco están en la media del mercado. Ni muy baratas ni muy caras. Los precios están documentados en la web aunque hay que buscarlos un poco. No tengo quejas pero tampoco motivos para recomendarlos especialmente por precio frente a alternativas más económicas.","Estructura de precios media del mercado sin ventajas ni desventajas competitivas claras","Pricing"
"3","Cada vez que voy a la oficina o llamo me atiende una persona diferente y nadie conoce mi historial. Tengo que repetir siempre la misma información desde cero. Esta descoordinación interna hace la relación con el banco completamente impersonal y frustrante.","Descoordinación interna que obliga al cliente a repetir información en cada contacto","Personal"
"7","El servicio telefónico resuelve bien las consultas básicas de forma rápida. Para gestiones más complejas hay que esperar más tiempo pero eventualmente se resuelven. La calidad del servicio depende mucho de qué agente te toca. Bastante desigual pero en promedio funciona.","Calidad de atención telefónica variable según agente con resultado promedio aceptable","Personal"
"7","El servicio telefónico resuelve bien las consultas básicas de forma rápida. Para gestiones más complejas hay que esperar más tiempo pero eventualmente se resuelven. La calidad del servicio depende mucho de qué agente te toca. Bastante desigual pero en promedio funciona.","Calidad de atención telefónica variable según agente con resultado promedio aceptable","Personal"
"8","Pedí un préstamo personal de 5.000 euros para reformar la cocina y el proceso fue completamente digital. En quince minutos tuve la aprobación y el dinero en cuenta al día siguiente. El tipo fue competitivo y sin letra pequeña. Muy satisfecho con la agilidad y transparencia.","Proceso digital ágil y transparente en préstamo personal para reforma","Productos"
"9","Contraté la hipoteca verde porque la vivienda tiene certificado energético A y me aplicaron un diferencial veinte puntos básicos menor. El ahorro a largo plazo es considerable. Además, el banco planta un árbol por cada hipoteca verde contratada. Un producto bien diseñado con impacto real.","Satisfacción con hipoteca verde y beneficio por eficiencia energética","Productos"
"5","Los cajeros funcionan correctamente para las operaciones básicas. Sin embargo algunos modelos más antiguos tienen la pantalla muy deteriorada y es difícil leer. Para ingresar efectivo solo funcionan uno de los tres cajeros de mi oficina habitual. Podría mejorarse la inversión en mantenimiento.","Funcionamiento básico de cajeros con deterioro en equipos más antiguos","Canales"
"9","Sin cajeros del propio banco en el extranjero puedo sacar efectivo en cualquier cajero de Europa sin comisión gracias a mi tarjeta. En doce países diferentes nunca he pagado nada extra. Para un viajero frecuente es un beneficio en precios que marca la diferencia.","Sin comisión por retirada en cajeros europeos para clientes viajeros","Pricing"
"7","La tarjeta débito contactless funciona en todos los comercios y en el transporte público. Las notificaciones son instantáneas y me ayudan a controlar el gasto diario. El único punto de mejora sería poder generar números de tarjeta virtuales para compras online.","Satisfacción con tarjeta débito contactless con sugerencia de mejora","Productos"
"10","El seguro de hogar del banco tiene una cobertura excelente: daños por agua, robo, responsabilidad civil y asistencia 24 horas. El precio es competitivo. Cuando tuve una fuga de agua me enviaron un técnico en menos de dos horas y cubrieron todos los gastos sin discusión.","Satisfacción con cobertura y rapidez de respuesta del seguro de hogar","Productos"
"9","El banco tiene un servicio de acompañamiento para clientes mayores muy bien implementado. Cuando acompañé a mi padre, el gestor le explicó todo con paciencia, en términos sencillos y sin prisa. Es un ejemplo de cómo debería ser la atención a un colectivo vulnerable.","Excelente atención personalizada a clientes mayores con paciencia y lenguaje sencillo","Personal"
"9","La banca online permite gestionar absolutamente todo: contratar productos, ver histórico de siete años, descargar certificados y configurar alertas. Los tiempos de carga son rápidos incluso en conexión lenta. Es la plataforma web bancaria más completa que he usado.","Banca online completa y rápida con acceso a histórico extenso","Canales"
"9","Todos mis contratos, extractos y certificados están disponibles de forma digital en la app. Puedo descargar cualquier documento de los últimos cinco años en PDF. Nunca necesito llamar para pedir documentación. Esto ahorra mucho tiempo y papel. La digitalización documental es sobresaliente.","Archivo documental digital completo y accesible desde la app","Canales"
"8","La línea de crédito para mi empresa es muy flexible: solo pago intereses sobre el importe que uso, no sobre el total disponible. Puedo disponer y devolver cuando quiero. El tipo es competitivo para el mercado actual. Es el producto de financiación más útil que tengo contratado.","Satisfacción con flexibilidad y coste de línea de crédito empresarial","Productos"
"7","La empleada de ventanilla que me atendió fue muy amable y eficiente. Resolvió mi consulta en diez minutos, me explicó todas las opciones disponibles y me ayudó a elegir la mejor. Una atención presencial que supera las expectativas.","Atención eficiente y amable en ventanilla con buena orientación al cliente","Personal"
"10","Todo el equipo de mi oficina es extraordinariamente profesional. Siempre con una sonrisa, resuelven cualquier incidencia al momento y me hacen sentir un cliente importante. Es el nivel de servicio que no he encontrado en ningún otro banco en diez años.","Excelencia generalizada en profesionalidad y calidez del equipo de la sucursal","Personal"
"7","La empleada de ventanilla que me atendió fue muy amable y eficiente. Resolvió mi consulta en cinco minutos, me explicó todas las opciones disponibles y me ayudó a elegir la mejor. Una atención presencial que supera las expectativas.","Atención eficiente y amable en ventanilla con buena orientación al cliente","Personal"
"10","El seguro de hogar del banco tiene una cobertura excelente: daños por agua, robo, responsabilidad civil y asistencia 24 horas. El precio es competitivo. Cuando tuve una fuga de agua me enviaron un técnico en menos de dos horas y cubrieron todos los gastos sin discusión.","Satisfacción con cobertura y rapidez de respuesta del seguro de hogar","Productos"
"9","Las alertas de seguridad me notifican de inmediato ante cualquier intento de acceso inusual. Puedo bloquear la tarjeta desde la app en segundos. El doble factor de autenticación funciona perfectamente. Gracias a este sistema detecté un intento de fraude y evité perder 300 euros.","Sistema de alertas y seguridad digital que permitió evitar fraude","Canales"
"9","El servicio de banca privada es excepcional. Mi asesor dedica tiempo real a conocer mis objetivos y personales. Las reuniones de seguimiento son frecuentes y productivas. Me siento completamente acompañado en cada decisión financiera importante. Justifica ampliamente lo que cuesta.","Excelente servicio de banca privada con asesoramiento personalizado profundo","Personal"
"2","Me cobraron intereses de demora del 24% por retrasar el pago tres días. Un porcentaje abusivo que no me explicaron al contratar la tarjeta. Además lo aplicaron sobre el total de la deuda y no solo sobre el importe vencido. Una práctica financiera que roza la usura.","Intereses de demora abusivos aplicados incorrectamente en tarjeta de crédito","Productos"
"3","El trato que recibí en la oficina fue condescendiente y poco profesional. El empleado me habló como si no entendiese nada de finanzas y respondió con impaciencia cuando pregunté. Me fui sintiéndome un cliente de segunda. Inaceptable en un banco que dice valorar a sus clientes.","Trato condescendiente e irrespetuoso por parte de empleado de sucursal","Personal"
"1","El cajero de mi sucursal habitual lleva más de cinco semanas fuera de servicio. El siguiente más cercano está a cuatro kilómetros. He llamado varias veces para reportarlo y nadie lo repara. Para los clientes mayores que dependen del efectivo es una situación completamente inadmisible.","Cajero averiado sin reparar durante semanas con impacto en clientes dependientes de efectivo","Canales"
"10","El banco tiene un servicio de acompañamiento para clientes mayores muy bien implementado. Cuando acompañé a mi padre, el gestor le explicó todo con paciencia, en términos sencillos y sin prisa. Es un ejemplo de cómo debería ser la atención a un colectivo vulnerable.","Excelente atención personalizada a clientes mayores con paciencia y lenguaje sencillo","Personal"
"9","El servicio de banca privada es excepcional. Mi asesor dedica tiempo real a conocer mis objetivos y personales. Las reuniones de seguimiento son frecuentes y productivas. Me siento completamente acompañado en cada decisión financiera importante. Justifica ampliamente lo que cuesta.","Excelente servicio de banca privada con asesoramiento personalizado profundo","Personal"
"10","Cuando presenté una reclamación formal me llamaron en menos de 36 horas para darme respuesta. La persona fue empática y resolvió el problema de forma justa devolviendo el importe en el acto. Una gestión de reclamaciones que genera confianza y fidelidad.","Resolución rápida y justa de reclamación con devolución inmediata","Personal"
"10","Cuando presenté una reclamación formal me llamaron en menos de 48 horas para darme respuesta. La persona fue empática y resolvió el problema de forma justa devolviendo el importe en el acto. Una gestión de reclamaciones que genera confianza y fidelidad.","Resolución rápida y justa de reclamación con devolución inmediata","Personal"
"4","El equipo comercial llama con demasiada frecuencia para ofrecer productos. En el último mes he recibido seis llamadas no solicitadas. Entiendo que hay objetivos comerciales pero la insistencia genera rechazo. Una política de contacto más moderada sería más efectiva.","Exceso de llamadas comerciales no solicitadas que genera rechazo en el cliente","Personal"
"9","Todos mis contratos, extractos y certificados están disponibles de forma digital en la app. Puedo descargar cualquier documento de los últimos cinco años en PDF. Nunca necesito llamar para pedir documentación. Esto ahorra mucho tiempo y papel. La digitalización documental es sobresaliente.","Archivo documental digital completo y accesible desde la app","Canales"
"3","La hipoteca variable me está destrozando con la subida del Euríbor. Cuando la contraté me explicaron muy poco los riesgos de la variabilidad. No me ofrecieron alternativa fija ni me informaron de la posibilidad de novación. Me siento desinformado en el momento más importante de mi vida financiera.","Falta de información sobre riesgo de hipoteca variable al momento de la contratación","Productos"
"9","Cuando el banco me llama para ofrecerme algo siempre es algo que realmente me puede interesar según mi perfil. Nunca me han ofrecido algo completamente fuera de lugar. Se nota que hay un trabajo de segmentación detrás. Es una comercialización inteligente que no molesta.","Comercialización segmentada y relevante que el cliente valora positivamente","Personal"
"6","El tipo de interés de la hipoteca es aceptable aunque no el más bajo del mercado. Lo compensan con menos comisiones de apertura y más flexibilidad en amortizaciones. En el coste total de la hipoteca a largo plazo acaba siendo una opción competitiva si se considera todo.","Tipo hipotecario compensado por menor coste en comisiones y mayor flexibilidad","Pricing"
"2","Me notificaron por carta que subían las comisiones de mantenimiento un 60% con solo veinte días de preaviso. Sin posibilidad de negociación. Un cambio unilateral de condiciones que vulnera la confianza del cliente y me obliga a buscar alternativas urgentemente.","Subida unilateral de comisiones con preaviso mínimo sin posibilidad de negociación","Pricing"
"3","El tipo de interés del crédito al consumo es del 16% TAE para un cliente sin incidencias. La competencia ofrece la mitad. Cuando lo intenté negociar me dijeron que era tarifa fija sin excepciones. Para financiación de consumo este banco no es una opción válida.","Tipo de interés en crédito al consumo muy elevado sin posibilidad de negociación","Pricing"
"3","El teléfono de atención al cliente tiene una espera media de cuarenta y cinco minutos. El menú de voz tiene cinco niveles de opciones antes de poder hablar con alguien. Muchas veces me han cortado la llamada en la espera. Es el canal más frustrante de todos los que ofrece el banco.","Esperas excesivas y menú telefónico complejo que dificulta contacto con agente","Canales"
"9","La cuenta de ahorro da un 4% TAE sin vinculaciones obligatorias ni plazos mínimos. El dinero está disponible en cualquier momento. Con la inflación controlándose es una buena opción para el ahorro a corto plazo. El mejor tipo que he encontrado en banca tradicional.","Cuenta ahorro con tipo competitivo y disponibilidad inmediata sin condiciones","Pricing"
"7","La cuenta sin comisiones tiene condiciones de vinculación alcanzables: nómina superior a 500 euros o tres recibos domiciliados. No te exigen ser un gran cliente para acceder a las ventajas. Es una propuesta justa que permite a cualquier cliente evitar las comisiones.","Condiciones de exención de comisiones alcanzables para el cliente medio","Pricing"
"10","Desde la app puedo retirar efectivo en cualquier cajero del banco sin tarjeta física usando solo el móvil. Genero un código QR y lo escaneo en el cajero. Es muy útil cuando olvido la cartera. Una funcionalidad práctica que no he visto en otros bancos.","Extracción de efectivo sin tarjeta mediante código QR desde app","Canales"
"10","Mi gestor personal se adelanta siempre a mis necesidades. Antes de que yo lo piense me llama para ofrecerme soluciones. Llevo diez años con él y ha gestionado perfectamente momentos complejos como la compra de mi casa o la planificación de mi jubilación. Un profesional excepcional.","Gestor proactivo que anticipa necesidades del cliente con relación de largo plazo","Personal"
"2","El agente telefónico que me atendió cuando denuncié un cargo fraudulento no supo cómo gestionar la incidencia. Me transfirió cinco veces a distintos departamentos. Ninguno tomó medidas. Tardé siete días en recuperar el dinero. La gestión telefónica del fraude es deficiente.","Gestión deficiente de fraude por agentes sin capacitación ni coordinación","Personal"
"2","La cuenta de ahorro ofrece un 0.02% de interés anual. Con la inflación actual eso significa perder poder adquisitivo cada año. Hay opciones en el mercado que ofrecen 3% sin vinculación alguna. Mantener dinero aquí es claramente la peor decisión financiera posible para el ahorro.","Rentabilidad de cuenta ahorro muy por debajo de alternativas del mercado","Productos"
"2","Me aprobaron una línea de crédito de 15.000 euros pero con tantas condiciones que es casi imposible usarla: avales necesarios, revisión trimestral y posibilidad de cancelación unilateral por el banco. Más que un producto de financiación parece una trampa llena de restricciones.","Línea de crédito con condiciones restrictivas que dificultan su uso","Productos"
"9","La hipoteca a tipo fijo que firmé tiene unas condiciones inmejorables: sin comisión de apertura, sin penalización por amortizaciones anticipadas y con un tipo del 3.1%. Comparé con seis bancos y este fue claramente el más competitivo. El proceso fue transparente de principio a fin.","Satisfacción con condiciones competitivas de hipoteca fija","Productos"
"10","Los fondos indexados que ofrece el banco tienen comisiones de gestión del 0.15% y réplica fiel al índice. Puedo invertir desde 50 euros mensuales de forma automatizada. Es una forma cómoda de acceder a los mercados globales sin gestión activa. Muy satisfecho con la oferta.","Satisfacción con oferta de fondos indexados de bajo coste","Productos"
"9","La hipoteca a tipo fijo que firmé tiene unas condiciones inmejorables: sin comisión de apertura, sin penalización por amortizaciones anticipadas y con un tipo del 3.1%. Comparé con cinco bancos y este fue claramente el más competitivo. El proceso fue transparente de principio a fin.","Satisfacción con condiciones competitivas de hipoteca fija","Productos"
"9","Las notificaciones push de cada pago con tarjeta son instantáneas y muy claras. Me ayudan a detectar cualquier cargo inesperado de forma inmediata. Gracias a esto detecté un cargo fraudulento en menos de tres minutos y pude bloquearlo desde la misma notificación.","Notificaciones instantáneas de pagos útiles para detección de fraude","Canales"
"4","Los empleados de la oficina no están actualizados sobre los productos digitales del banco. Cuando pregunté por una funcionalidad de la app me dieron información que llevaba meses obsoleta. Si ellos no saben cómo funcionan sus propios productos, ¿cómo van a asesorar a los clientes?","Personal no actualizado sobre productos y funcionalidades digitales del propio banco","Personal"
"9","La tarjeta de crédito no tiene cuota anual y tampoco cobra por operaciones en moneda extranjera. En mis seis viajes de este año no he pagado un solo euro en comisiones por cambio de divisa. Para alguien que viaja habitualmente es una tarjeta con un precio imbatible.","Tarjeta sin comisión anual ni por divisa ideal para clientes viajeros frecuentes","Pricing"
"4","El interés de la hipoteca variable que me ofrecieron es Euríbor más 1.5%. Comparado con el mercado actual es bastante caro. Cuando pedí mejora me dijeron que dependía de la vinculación con productos que no necesito. La mejora del precio condiciona a contratar más productos.","Diferencial hipotecario variable caro condicionado a vinculación de productos no deseados","Pricing"
"6","Contraté un renting de coche a través del banco y el proceso fue muy sencillo. La cuota mensual incluye seguro, mantenimiento y cambio de neumáticos. Sin sorpresas ni costes adicionales. Para alguien que no quiere preocuparse por el coche es una solución cómoda y predecible.","Satisfacción con producto de renting de vehículo integrado con banco","Productos"
"7","El asesor de banca privada tiene buenos conocimientos de mercados y fiscalidad. Las reuniones son productivas aunque a veces me parece que intenta vender productos de la propia gestora del banco antes que opciones de terceros. En general el asesoramiento es de calidad.","Buen asesoramiento en banca privada con posible sesgo hacia productos propios","Personal"
"7","El precio del seguro de hogar es razonable para la cobertura que ofrece. He comparado con cuatro aseguradoras y el banco está en la media del mercado pero con la ventaja de tenerlo todo centralizado. Sin vinculaciones obligatorias. Una opción equilibrada en precio.","Precio de seguro de hogar competitivo con ventaja de centralización sin vinculaciones","Pricing"
"10","Mi gestor personal se adelanta siempre a mis necesidades. Antes de que yo lo piense me llama para ofrecerme soluciones. Llevo diez años con él y ha gestionado perfectamente momentos complejos como la compra de mi casa o la planificación de mi jubilación. Un profesional excepcional.","Gestor proactivo que anticipa necesidades del cliente con relación de largo plazo","Personal"
"3","La cuenta de ahorro da un 0.1% de interés anual. Con la inflación actual es perder dinero en términos reales. Hay alternativas en el mercado que ofrecen 4% sin condiciones. Mantener aquí el ahorro es la peor decisión financiera posible.","Rentabilidad de cuenta ahorro por debajo de inflación y de alternativas del mercado","Pricing"
"8","Cuando llamé con una incidencia urgente me atendieron en menos de cinco minutos. El agente fue directo y resolutivo. Solucionó el problema en la misma llamada sin derivarme a otro departamento. Una atención telefónica que raramente encuentro en otros bancos.","Atención telefónica rápida y resolutiva sin transferencias innecesarias","Canales"
"2","El tipo de interés del crédito al consumo que me ofrecieron era del 17% TAE. Para un cliente de quince años sin incidencias es incomprensible. La competencia me ofreció la mitad. Cuando intenté negociarlo me dijeron que era la tarifa fija para todos. Sin margen de maniobra.","Tipo de interés en crédito al consumo elevado e innegociable","Productos"
"5","Las comisiones del banco están en la media del mercado. Ni muy baratas ni muy caras. Los precios están documentados en la web aunque hay que buscarlos un poco. No tengo quejas pero tampoco motivos para recomendarlos especialmente por precio frente a alternativas más económicas.","Estructura de precios media del mercado sin ventajas ni desventajas competitivas claras","Pricing"
"10","Este banco no cobra comisión de ningún tipo: ni por mantenimiento de cuenta, ni por transferencias nacionales, ni por usar cajeros propios o de otras entidades. Todo incluido sin condiciones ocultas. No esperaba encontrar un banco sin comisiones con tan buen servicio integral.","Cero comisiones en todos los servicios sin condiciones ocultas","Pricing"
"2","Me cobraron 0.20 euros por consultar el saldo en un cajero de otra entidad. En la era del banco digital cobrar por consultar tu propio saldo es completamente anacrónico. Además no me lo informaron al contratar la cuenta. Una comisión pequeña pero muy reveladora de la cultura del banco.","Comisión por consulta de saldo en cajero ajeno anacrónica y no informada al contratar","Pricing"
"5","Los empleados de ventanilla son amables y el ambiente es tranquilo. Sin embargo las colas son largas y los procesos lentos. Para operaciones sencillas como ingresar un cheque tardé más de veinticinco minutos. El trato es bueno pero la eficiencia operativa es mejorable.","Buen trato en ventanilla pero procesos lentos con colas largas","Personal"
"7","El servicio telefónico resuelve bien las consultas básicas de forma rápida. Para gestiones más complejas hay que esperar más tiempo pero eventualmente se resuelven. La calidad del servicio depende mucho de qué agente te toca. Bastante desigual pero en promedio funciona.","Calidad de atención telefónica variable según agente con resultado promedio aceptable","Personal"
"9","Los fondos indexados que ofrece el banco tienen comisiones de gestión del 0.1% y réplica fiel al índice. Puedo invertir desde 30 euros mensuales de forma automatizada. Es una forma cómoda de acceder a los mercados globales sin gestión activa. Muy satisfecho con la oferta.","Satisfacción con oferta de fondos indexados de bajo coste","Productos"
"3","La cuenta nómina que me ofrecieron tiene tantas condiciones de vinculación que es imposible cumplirlas todas: nómina mínima de 1.500 euros, tres recibos domiciliados, tarjeta de crédito activa y seguro contratado. Si no cumples todo te cobran comisión. Es una trampa para cobrar comisiones camuflada.","Condiciones de exención en cuenta nómina imposibles de cumplir para la mayoría","Productos"
"4","Los empleados de la oficina no están actualizados sobre los productos digitales del banco. Cuando pregunté por una funcionalidad de la app me dieron información que llevaba meses obsoleta. Si ellos no saben cómo funcionan sus propios productos, ¿cómo van a asesorar a los clientes?","Personal no actualizado sobre productos y funcionalidades digitales del propio banco","Personal"
"10","El servicio de banca privada es excepcional. Mi asesor dedica tiempo real a conocer mis objetivos y personales. Las reuniones de seguimiento son frecuentes y productivas. Me siento completamente acompañado en cada decisión financiera importante. Justifica ampliamente lo que cuesta.","Excelente servicio de banca privada con asesoramiento personalizado profundo","Personal"
"10","El seguro de hogar del banco tiene una cobertura excelente: daños por agua, robo, responsabilidad civil y asistencia 24 horas. El precio es competitivo. Cuando tuve una fuga de agua me enviaron un técnico en menos de dos horas y cubrieron todos los gastos sin discusión.","Satisfacción con cobertura y rapidez de respuesta del seguro de hogar","Productos"
"8","El precio del seguro de coche que contraté a través del banco es quince% más barato que la renovación que me daba mi aseguradora anterior. La cobertura es equivalente o mejor. Con la comodidad de tenerlo domiciliado en la misma cuenta. Una compra claramente ganadora en precio.","Seguro de coche más económico que alternativa previa con cobertura equivalente","Pricing"
"3","Después de la última actualización la app tardó cuatro días en funcionar con normalidad. Hubo transacciones que no se procesaron correctamente y tuve que ir a la oficina a resolverlas. Las actualizaciones deberían probarse antes de lanzarlas masivamente a los clientes.","Actualización de app que causó fallos en transacciones y requirió visita a sucursal","Canales"
"8","El crédito al consumo lo aprobaron en veinte minutos de forma completamente online. Sin papeleo, sin ir a la oficina. El tipo fue razonable y las condiciones claras desde el principio. Para una compra importante es una alternativa cómoda y sin sorpresas.","Crédito al consumo aprobado digitalmente con rapidez y condiciones claras","Productos"
"10","Las transferencias inmediatas funcionan perfectamente veinticuatro horas al día los 365 días de la semana. El dinero llega en menos de veinte segundos. Sin límite de horario ni recargo adicional. Para operaciones urgentes es una funcionalidad imprescindible que este banco tiene perfectamente implementada.","Transferencias inmediatas disponibles 24/7 sin costes adicionales","Canales"
"4","El horario del servicio telefónico es de 9:00 a 20:00. Si tienes una urgencia fuera de ese horario no puedes contactar con nadie. Para bloquear una tarjeta o reportar un fraude en fin de semana hay un número de emergencias pero no sirve para nada más. Muy limitado.","Horario de atención telefónica limitado sin cobertura para urgencias generales","Canales"
"8","Las notificaciones push de cada pago con tarjeta son instantáneas y muy claras. Me ayudan a detectar cualquier cargo inesperado de forma inmediata. Gracias a esto detecté un cargo fraudulento en menos de tres minutos y pude bloquearlo desde la misma notificación.","Notificaciones instantáneas de pagos útiles para detección de fraude","Canales"
"4","Cuando quise cancelar el préstamo personal anticipadamente me cobraron una penalización del 4% sobre el capital pendiente. Esto no me lo explicaron al contratar. Lo descubrí en un anexo de cincuenta páginas del contrato. Me costó más cancelar que terminar de pagar los plazos.","Penalización por cancelación anticipada de préstamo no informada al contratar","Productos"
"9","Todas las comisiones del banco están perfectamente detalladas en un documento de tarifas fácil de encontrar en la web. Sin letra pequeña ni condiciones ocultas. Cuando pregunto me explican el coste exacto antes de hacer cualquier operación. Una transparencia en precios que se agradece.","Alta transparencia en comunicación de tarifas y precios antes de operar","Pricing"
"10","La cuenta de ahorro da un 3.5% TAE sin vinculaciones obligatorias ni plazos mínimos. El dinero está disponible en cualquier momento. Con la inflación controlándose es una buena opción para el ahorro a corto plazo. El mejor tipo que he encontrado en banca tradicional.","Cuenta ahorro con tipo competitivo y disponibilidad inmediata sin condiciones","Pricing"
"2","El fondo de inversión activo que me recomendaron ha perdido un 10% en dos años mientras el índice de referencia subía. Las comisiones de gestión superan el 1.8% anual. Me siento engañado por un producto que prometía rendimientos superiores al mercado y no ha cumplido.","Pérdidas en fondo activo con comisiones altas sin justificación de rendimiento","Productos"
"1","La app me bloqueó la cuenta sin motivo aparente justo antes de un viaje importante. No pude operar durante dos días. El proceso de desbloqueo requirió ir a la oficina con documentación original. Nadie me explicó por qué se bloqueó. Un sistema de seguridad que penaliza al cliente legítimo.","Bloqueo injustificado de cuenta por la app en momento crítico sin explicación","Canales"
"5","Mi tarjeta de crédito tiene un límite de 1.000 euros que no me suben desde hace tres años aunque lo solicito cada seis meses. Con ese límite no puedo hacer reservas de hotel ni alquilar coches en el extranjero. Es un producto completamente inútil para mis necesidades actuales.","Límite de crédito insuficiente sin posibilidad de ampliación tras múltiples solicitudes","Productos"
"2","El tipo de interés del préstamo personal que me ofrecieron era del 16% TAE. Para un cliente con buen historial crediticio es completamente injustificado. Otros bancos online me ofrecían la mitad. Cuando intenté negociarlo me dijeron que era la tarifa estándar sin excepciones.","Tipo de interés del préstamo personal no competitivo ni negociable","Productos"
"9","Las alertas de seguridad me notifican de inmediato ante cualquier intento de acceso inusual. Puedo bloquear la tarjeta desde la app en segundos. El doble factor de autenticación funciona perfectamente. Gracias a este sistema detecté un intento de fraude y evité perder 300 euros.","Sistema de alertas y seguridad digital que permitió evitar fraude","Canales"
"7","El tipo de interés de la hipoteca es aceptable aunque no el más bajo del mercado. Lo compensan con menos comisiones de apertura y más flexibilidad en amortizaciones. En el coste total de la hipoteca a largo plazo acaba siendo una opción competitiva si se considera todo.","Tipo hipotecario compensado por menor coste en comisiones y mayor flexibilidad","Pricing"
"9","El director de la oficina intervino personalmente para resolver una incidencia compleja que otros empleados no habían podido solucionar. Fue directo, eficiente y empático. En menos de treinta minutos el problema estaba resuelto. Un directivo que lidera con el ejemplo.","Director de oficina que interviene eficazmente para resolver incidencias complejas","Personal"
"4","El sistema de cita previa online falla constantemente. A veces te confirma la cita pero no aparece en el sistema cuando llegas. He llegado con cita reservada dos veces y me han dicho que no constaba. Un sistema de gestión de citas completamente poco fiable.","Sistema de cita previa con fallos que invalidan reservas confirmadas","Canales"
"8","El seguro de vida que contraté de forma independiente tiene buena cobertura: capital asegurado de 200.000 euros, invalidez incluida y prima razonable. No tuve que vincularlo a ningún producto. Lo recomendaría como protección básica para una familia con hipoteca.","Satisfacción con seguro de vida contratado sin vinculaciones obligatorias","Productos"
"9","Por domiciliar cinco recibos en la cuenta me eliminaron todas las comisiones y me redujeron el diferencial de la hipoteca en quince puntos básicos. El ahorro anual real es de más de 500 euros. Las condiciones de vinculación son alcanzables y los beneficios son tangibles.","Ahorro significativo por vinculación con condiciones de domiciliación alcanzables","Pricing"
"10","El servicio de banca privada es excepcional. Mi asesor dedica tiempo real a conocer mis objetivos y personales. Las reuniones de seguimiento son frecuentes y productivas. Me siento completamente acompañado en cada decisión financiera importante. Justifica ampliamente lo que cuesta.","Excelente servicio de banca privada con asesoramiento personalizado profundo","Personal"
"3","El fondo de inversión activo que me recomendaron ha perdido un 15% en dos años mientras el índice de referencia subía. Las comisiones de gestión superan el 1.5% anual. Me siento engañado por un producto que prometía rendimientos superiores al mercado y no ha cumplido.","Pérdidas en fondo activo con comisiones altas sin justificación de rendimiento","Productos"
"10","La cuenta nómina no tiene ninguna comisión con solo domiciliar la nómina. Incluye seguro de accidentes, descuento del 0.2% en la hipoteca y tarjeta sin cuota anual. El conjunto de beneficios supera con creces lo que me cobrarían en otros bancos por servicios equivalentes.","Cuenta nómina con amplio paquete de beneficios por vinculación","Productos"
"7","La oficina está bien ubicada en el centro con aparcamiento cercano. Los jueves tienen horario de tarde hasta las 19:00, lo cual es muy útil si trabajas. La sala de espera es cómoda. Podría mejorar el tiempo medio de espera pero en general es accesible.","Buena accesibilidad y ubicación de sucursal con horario de tarde","Canales"
"2","Los agentes del call center no tienen capacidad para tomar ninguna decisión autónoma. Todo lo derivan a la oficina o a otro departamento. Son incapaces de resolver nada por sí mismos. El canal telefónico existe pero no sirve para gestiones que requieran alguna resolución.","Agentes telefónicos sin autonomía para resolver incidencias de forma independiente","Personal"
"10","El servicio de banca privada es excepcional. Mi asesor dedica tiempo real a conocer mis objetivos y personales. Las reuniones de seguimiento son frecuentes y productivas. Me siento completamente acompañado en cada decisión financiera importante. Justifica ampliamente lo que cuesta.","Excelente servicio de banca privada con asesoramiento personalizado profundo","Personal"
"2","La cuenta nómina que me ofrecieron tiene tantas condiciones de vinculación que es imposible cumplirlas todas: nómina mínima de 1.500 euros, tres recibos domiciliados, tarjeta de crédito activa y seguro contratado. Si no cumples todo te cobran comisión. Es una trampa para cobrar comisiones camuflada.","Condiciones de exención en cuenta nómina imposibles de cumplir para la mayoría","Productos"
"1","El asesor comercial me presionó para contratar un producto de inversión que no necesitaba sin explicarme los riesgos. Fue evasivo con mis preguntas. Meses después el producto acumulaba pérdidas significativas. Cuando reclamé me dijo que yo había firmado el contrato. Una mala praxis comercial inaceptable.","Venta agresiva de producto inadecuado sin transparencia sobre riesgos reales","Personal"
"3","El seguro de vida vinculado a la hipoteca me cuesta 100 euros al mes. Comparado con el mismo seguro en una aseguradora externa me cobran el doble. La razón es que el banco tiene margen sobre el seguro vinculado. Un precio abusivo aprovechando la posición de dominio.","Prima de seguro de vida vinculado a hipoteca muy superior al precio de mercado","Pricing"
"10","La hipoteca a tipo fijo que firmé tiene unas condiciones inmejorables: sin comisión de apertura, sin penalización por amortizaciones anticipadas y con un tipo del 3.0%. Comparé con seis bancos y este fue claramente el más competitivo. El proceso fue transparente de principio a fin.","Satisfacción con condiciones competitivas de hipoteca fija","Productos"
"7","Las notificaciones push de cada pago con tarjeta son instantáneas y muy claras. Me ayudan a detectar cualquier cargo inesperado de forma inmediata. Gracias a esto detecté un cargo fraudulento en menos de tres minutos y pude bloquearlo desde la misma notificación.","Notificaciones instantáneas de pagos útiles para detección de fraude","Canales"
"9","El proceso de firma de la hipoteca fue ágil y sin sorpresas. Me asignaron un gestor exclusivo que me acompañó en cada paso. Las condiciones acordadas al inicio fueron exactamente las que firmé. Después de ocho años siendo cliente, es la mejor decisión financiera que he tomado con este banco.","Proceso hipotecario ágil y transparente sin cambios en condiciones","Productos"
"10","La cuenta nómina no tiene ninguna comisión con solo domiciliar la nómina. Incluye seguro de accidentes, descuento del 0.25% en la hipoteca y tarjeta sin cuota anual. El conjunto de beneficios supera con creces lo que me cobrarían en otros bancos por servicios equivalentes.","Cuenta nómina con amplio paquete de beneficios por vinculación","Productos"
"4","Cobran comisión por hacer una transferencia SEPA dentro de la Unión Europea. Esto lleva años siendo contrario a la normativa europea. Ellos la envuelven como gasto de gestión pero es lo mismo. Una práctica que perjudica al cliente y que debería estar prohibida.","Cobro encubierto por transferencia SEPA contrario a regulación europea","Pricing"
"3","Cobran comisión por hacer una transferencia SEPA dentro de la Unión Europea. Esto lleva años siendo contrario a la normativa europea. Ellos la envuelven como gasto de gestión pero es lo mismo. Una práctica que perjudica al cliente y que debería estar prohibida.","Cobro encubierto por transferencia SEPA contrario a regulación europea","Pricing"
"7","La tarjeta débito contactless funciona en todos los comercios y en el transporte público. Las notificaciones son instantáneas y me ayudan a controlar el gasto diario. El único punto de mejora sería poder generar números de tarjeta virtuales para compras online.","Satisfacción con tarjeta débito contactless con sugerencia de mejora","Productos"
"9","Sin cajeros del propio banco en el extranjero puedo sacar efectivo en cualquier cajero de Europa sin comisión gracias a mi tarjeta. En ocho países diferentes nunca he pagado nada extra. Para un viajero frecuente es un beneficio en precios que marca la diferencia.","Sin comisión por retirada en cajeros europeos para clientes viajeros","Pricing"
"10","Por domiciliar cuatro recibos en la cuenta me eliminaron todas las comisiones y me redujeron el diferencial de la hipoteca en veinticinco puntos básicos. El ahorro anual real es de más de 1.200 euros. Las condiciones de vinculación son alcanzables y los beneficios son tangibles.","Ahorro significativo por vinculación con condiciones de domiciliación alcanzables","Pricing"
"10","Contraté la hipoteca verde porque la vivienda tiene certificado energético A y me aplicaron un diferencial diez puntos básicos menor. El ahorro a largo plazo es considerable. Además, el banco planta un árbol por cada hipoteca verde contratada. Un producto bien diseñado con impacto real.","Satisfacción con hipoteca verde y beneficio por eficiencia energética","Productos"
"9","Sin cajeros del banco cerca pude usar cualquier cajero de España sin comisión gracias a los acuerdos de la red. Esto es un gran valor cuando viajas por zonas rurales. Sin ese beneficio tendría que buscar cajeros específicos. Un ahorro real en el día a día.","Sin comisión en cajeros de red ampliada, beneficio tangible en movilidad","Pricing"
"2","Mi reclamación formal lleva cuatro meses sin resolución. Me han llamado tres veces para pedirme más información que ya había enviado. Cada llamada es de una persona diferente que no conoce el caso. El proceso de reclamaciones parece diseñado para que el cliente se rinda.","Proceso de reclamación prolongado con falta de coordinación interna y seguimiento","Personal"
"9","El banco tiene un servicio de acompañamiento para clientes mayores muy bien implementado. Cuando acompañé a mi padre, el gestor le explicó todo con paciencia, en términos sencillos y sin prisa. Es un ejemplo de cómo debería ser la atención a un colectivo vulnerable.","Excelente atención personalizada a clientes mayores con paciencia y lenguaje sencillo","Personal"
"9","La función de presupuestador de la app clasifica automáticamente mis gastos en categorías y me muestra gráficos semanales y mensuales. Me ha ayudado a detectar gastos recurrentes que no recordaba tener. Es una herramienta de finanzas personales muy completa integrada en el banco.","Presupuestador automático en app útil para control de gastos personales","Canales"
"9","Mi gestora conoce perfectamente mi situación financiera, mis objetivos y mis aversiones al riesgo. Nunca me ha propuesto un producto que no se ajuste a mi perfil. Sus recomendaciones han sido siempre acertadas. Es exactamente el tipo de asesoramiento que espero de un banco de confianza.","Asesora con conocimiento profundo del perfil y objetivos del cliente","Personal"
"3","El chatbot no entiende preguntas complejas. Responde siempre con respuestas genéricas que no se adaptan a mi situación. Cuando insisto me manda a un FAQ que tampoco resuelve mi duda. Al final tengo que llamar o ir a la oficina de todas formas. Un asistente inútil.","Chatbot incapaz de resolver consultas específicas y no genéricas","Canales"
"3","Me aprobaron una línea de crédito de 15.000 euros pero con tantas condiciones que es casi imposible usarla: avales necesarios, revisión trimestral y posibilidad de cancelación unilateral por el banco. Más que un producto de financiación parece una trampa llena de restricciones.","Línea de crédito con condiciones restrictivas que dificultan su uso","Productos"
"10","Este banco no cobra comisión de ningún tipo: ni por mantenimiento de cuenta, ni por transferencias nacionales, ni por usar cajeros propios o de otras entidades. Todo incluido sin condiciones ocultas. No esperaba encontrar un banco sin comisiones con tan buen servicio integral.","Cero comisiones en todos los servicios sin condiciones ocultas","Pricing"
"9","Cuando tengo dudas sobre productos o normativa fiscal los empleados del banco siempre me dan información correcta y actualizada. Me parece que el banco invierte en formación continua de su plantilla. Eso se nota y se agradece cuando uno necesita asesoramiento de verdad.","Personal bien formado que da información correcta y actualizada sobre productos y fiscalidad","Personal"
"4","El tipo de interés del crédito al consumo es del 16% TAE para un cliente sin incidencias. La competencia ofrece la mitad. Cuando lo intenté negociar me dijeron que era tarifa fija sin excepciones. Para financiación de consumo este banco no es una opción válida.","Tipo de interés en crédito al consumo muy elevado sin posibilidad de negociación","Pricing"
"1","El cajero de mi sucursal habitual lleva más de dos semanas fuera de servicio. El siguiente más cercano está a dos kilómetros. He llamado varias veces para reportarlo y nadie lo repara. Para los clientes mayores que dependen del efectivo es una situación completamente inadmisible.","Cajero averiado sin reparar durante semanas con impacto en clientes dependientes de efectivo","Canales"
"3","El proceso de solicitud de la hipoteca fue un desastre total. Me pidieron la misma documentación tres veces porque la perdían. Tardaron siete meses en darme respuesta. Cuando por fin aprobaron la hipoteca habían cambiado las condiciones iniciales. Perdí la reserva del piso por su ineficiencia.","Proceso hipotecario caótico con cambio de condiciones y documentación perdida","Productos"
"2","Los extractos de cuenta solo están disponibles online para los últimos tres meses. Para documentación más antigua hay que solicitarla en oficina con diez días de antelación y a veces cobran por ello. En plena era digital limitar el acceso al histórico es completamente injustificable.","Historial documental digital limitado con cobro por documentación antigua","Canales"
"7","Los cajeros del banco están distribuidos por toda la ciudad y rara vez están fuera de servicio. El proceso de operación es rápido e intuitivo. Además puedo hacer ingresos en efectivo en la mayoría de ellos. Un servicio de cajeros fiable y bien mantenido.","Buena disponibilidad y mantenimiento de la red de cajeros","Canales"
"2","El asesor me recomendó un fondo de inversión con un perfil de riesgo muy superior al mío sin advertirme. Cuando perdí dinero significativo me presentó el contrato que yo había firmado como única respuesta. Un asesoramiento irresponsable que incumple claramente la normativa MiFID.","Asesoramiento que incumple normativa MiFID al no ajustarse al perfil de riesgo del cliente","Personal"
"7","El precio del seguro de hogar es razonable para la cobertura que ofrece. He comparado con cinco aseguradoras y el banco está en la media del mercado pero con la ventaja de tenerlo todo centralizado. Sin vinculaciones obligatorias. Una opción equilibrada en precio.","Precio de seguro de hogar competitivo con ventaja de centralización sin vinculaciones","Pricing"
"2","El teléfono de atención al cliente tiene una espera media de cincuenta minutos. El menú de voz tiene tres niveles de opciones antes de poder hablar con alguien. Muchas veces me han cortado la llamada en la espera. Es el canal más frustrante de todos los que ofrece el banco.","Esperas excesivas y menú telefónico complejo que dificulta contacto con agente","Canales"
"1","El seguro de vida vinculado a la hipoteca tiene unas condiciones abusivas. Me cobran 100 euros al mes por una cobertura que apenas protege el 60% de la deuda. Cuando quise cancelarlo me dijeron que tenía penalización de tres años de primas. Me siento completamente atrapado.","Seguro de vida vinculado a hipoteca con condiciones abusivas y cancelación penalizada","Productos"
"8","Pedir cita previa online es muy sencillo: en menos de dos minutos tienes confirmación y un recordatorio por SMS el día anterior. El día de la cita no tuve que esperar nada. La digitalización del proceso presencial está muy bien implementada.","Sistema de cita previa online ágil y efectivo sin esperas","Canales"
"9","El banco tiene un servicio de acompañamiento para clientes mayores muy bien implementado. Cuando acompañé a mi padre, el gestor le explicó todo con paciencia, en términos sencillos y sin prisa. Es un ejemplo de cómo debería ser la atención a un colectivo vulnerable.","Excelente atención personalizada a clientes mayores con paciencia y lenguaje sencillo","Personal"
"7","Por tener la nómina y los recibos domiciliados recibo una bonificación de 120 euros al año. La condición es fácil de cumplir y la bonificación llega puntualmente cada semestre. Una forma honesta y simple de premiar la vinculación del cliente.","Bonificación por vinculación sencilla que el banco aplica con puntualidad","Pricing"
"7","El tipo de interés de la hipoteca variable es Euríbor más 0.4%. Un diferencial muy competitivo. Además puedo hacer novación a tipo fijo sin coste en cualquier momento. Esta flexibilidad en el precio de la hipoteca me parece un valor diferencial importante.","Diferencial hipotecario competitivo con opción de novación a fijo sin coste","Pricing"
"1","Me prometieron un tipo fijo del 3.1% y al firmar era el 3.4%. Nadie me avisó del cambio. Cuando reclamé me dijeron que había sido un error administrativo y que ya no podían modificarlo. Firmé bajo presión porque ya tenía fecha de notaría. Me siento completamente engañado.","Modificación de tipo hipotecario sin previo aviso al momento de la firma","Productos"
"7","El precio del seguro de coche que contraté a través del banco es quince% más barato que la renovación que me daba mi aseguradora anterior. La cobertura es equivalente o mejor. Con la comodidad de tenerlo domiciliado en la misma cuenta. Una compra claramente ganadora en precio.","Seguro de coche más económico que alternativa previa con cobertura equivalente","Pricing"
"2","El renting que me ofrecieron tenía una letra pequeña con penalizaciones por exceso de kilómetros que triplicaban la cuota mensual. Nadie me lo explicó claramente. Al entregar el coche me pasaron una factura inesperada de 800 euros. Un producto poco transparente y con sorpresas al final.","Penalizaciones ocultas en contrato de renting no explicadas al contratar","Productos"
"6","Los cajeros funcionan correctamente para las operaciones básicas. Sin embargo algunos modelos más antiguos tienen la pantalla muy deteriorada y es difícil leer. Para ingresar efectivo solo funcionan uno de los tres cajeros de mi oficina habitual. Podría mejorarse la inversión en mantenimiento.","Funcionamiento básico de cajeros con deterioro en equipos más antiguos","Canales"
"9","La función de presupuestador de la app clasifica automáticamente mis gastos en categorías y me muestra gráficos semanales y mensuales. Me ha ayudado a detectar gastos recurrentes que no recordaba tener. Es una herramienta de finanzas personales muy completa integrada en el banco.","Presupuestador automático en app útil para control de gastos personales","Canales"
"1","El seguro de vida vinculado a la hipoteca tiene unas condiciones abusivas. Me cobran 80 euros al mes por una cobertura que apenas protege el 70% de la deuda. Cuando quise cancelarlo me dijeron que tenía penalización de dos años de primas. Me siento completamente atrapado.","Seguro de vida vinculado a hipoteca con condiciones abusivas y cancelación penalizada","Productos"
"10","El plan de pensiones supera todas mis expectativas. La rentabilidad anual ha sido superior al 10% en los últimos tres años. Puedo cambiar el perfil de riesgo sin penalización y las comisiones de gestión son de las más bajas del sector. El mejor producto de ahorro a largo plazo que conozco.","Alta rentabilidad y bajas comisiones en plan de pensiones","Productos"
"9","Pedí un préstamo personal de 12.000 euros para reformar la cocina y el proceso fue completamente digital. En diez minutos tuve la aprobación y el dinero en cuenta al día siguiente. El tipo fue competitivo y sin letra pequeña. Muy satisfecho con la agilidad y transparencia.","Proceso digital ágil y transparente en préstamo personal para reforma","Productos"
"9","Las transferencias inmediatas funcionan perfectamente veinticuatro horas al día los trescientos sesenta y cinco días de la semana. El dinero llega en menos de treinta segundos. Sin límite de horario ni recargo adicional. Para operaciones urgentes es una funcionalidad imprescindible que este banco tiene perfectamente implementada.","Transferencias inmediatas disponibles 24/7 sin costes adicionales","Canales"
"1","Me cobraron 0.50 euros por consultar el saldo en un cajero de otra entidad. En la era del banco digital cobrar por consultar tu propio saldo es completamente anacrónico. Además no me lo informaron al contratar la cuenta. Una comisión pequeña pero muy reveladora de la cultura del banco.","Comisión por consulta de saldo en cajero ajeno anacrónica y no informada al contratar","Pricing"
"10","El servicio de banca privada es excepcional. Mi asesor dedica tiempo real a conocer mis objetivos y personales. Las reuniones de seguimiento son frecuentes y productivas. Me siento completamente acompañado en cada decisión financiera importante. Justifica ampliamente lo que cuesta.","Excelente servicio de banca privada con asesoramiento personalizado profundo","Personal"
"10","La línea de crédito para mi empresa es muy flexible: solo pago intereses sobre el importe que uso, no sobre el total disponible. Puedo disponer y devolver cuando quiero. El tipo es competitivo para el mercado actual. Es el producto de financiación más útil que tengo contratado.","Satisfacción con flexibilidad y coste de línea de crédito empresarial","Productos"
"9","El plan de pensiones permite aportaciones desde 50 euros al mes y puedo aumentarlas o reducirlas cuando quiero. La variedad de perfiles de inversión es amplia. Los informes periódicos son claros y detallados. Para la jubilación es la opción más completa que he encontrado.","Satisfacción con flexibilidad y transparencia en plan de pensiones","Productos"
"2","El tipo de interés del crédito al consumo que me ofrecieron era del 16% TAE. Para un cliente de cinco años sin incidencias es incomprensible. La competencia me ofreció la mitad. Cuando intenté negociarlo me dijeron que era la tarifa fija para todos. Sin margen de maniobra.","Tipo de interés en crédito al consumo elevado e innegociable","Productos"
"3","Cobran comisión por hacer una transferencia SEPA dentro de la Unión Europea. Esto lleva años siendo contrario a la normativa europea. Ellos la envuelven como gasto de gestión pero es lo mismo. Una práctica que perjudica al cliente y que debería estar prohibida.","Cobro encubierto por transferencia SEPA contrario a regulación europea","Pricing"
"2","Mi reclamación formal lleva tres meses sin resolución. Me han llamado cuatro veces para pedirme más información que ya había enviado. Cada llamada es de una persona diferente que no conoce el caso. El proceso de reclamaciones parece diseñado para que el cliente se rinda.","Proceso de reclamación prolongado con falta de coordinación interna y seguimiento","Personal"
"2","Los extractos de cuenta solo están disponibles online para los últimos tres meses. Para documentación más antigua hay que solicitarla en oficina con siete días de antelación y a veces cobran por ello. En plena era digital limitar el acceso al histórico es completamente injustificable.","Historial documental digital limitado con cobro por documentación antigua","Canales"
"8","El cashback del 5% en supermercados, gasolineras y restaurantes se aplica automáticamente sin activación manual. El mes pasado recuperé 80 euros solo con gastos habituales. Es un beneficio real y tangible que otros bancos no ofrecen con tanta sencillez.","Cashback automático aplicado correctamente en categorías de gasto cotidiano","Pricing"
"9","La app tiene reconocimiento facial y huella dactilar para acceder. El proceso es instantáneo y muy seguro. Además puedo personalizar el orden de los accesos directos según mis hábitos. La experiencia de usuario es la mejor que he tenido en cualquier app bancaria.","Excelente seguridad biométrica y personalización en la app","Canales"
"4","Cuando mi madre mayor fue a la oficina a hacer una gestión sencilla el empleado le habló muy rápido con jerga financiera que ella no entendía. Nadie tuvo la paciencia de explicarle las cosas despacio. El banco necesita formación en atención a clientes mayores.","Falta de adaptación en la atención a clientes mayores con menor alfabetización financiera","Personal"
"6","Tienen una selección razonable de ETFs de mercados desarrollados pero escasa en emergentes y alternativos. Las comisiones son aceptables aunque no las más bajas del mercado. La plataforma de negociación es funcional pero poco visual. Cumple para el inversor básico pero no para perfiles avanzados.","Oferta de ETFs correcta pero limitada para inversores con perfil avanzado","Productos"
"8","Por tener la nómina y los recibos domiciliados recibo una bonificación de 120 euros al año. La condición es fácil de cumplir y la bonificación llega puntualmente cada semestre. Una forma honesta y simple de premiar la vinculación del cliente.","Bonificación por vinculación sencilla que el banco aplica con puntualidad","Pricing"
"8","El banco tiene un servicio de acompañamiento para clientes mayores muy bien implementado. Cuando acompañé a mi padre, el gestor le explicó todo con paciencia, en términos sencillos y sin prisa. Es un ejemplo de cómo debería ser la atención a un colectivo vulnerable.","Excelente atención personalizada a clientes mayores con paciencia y lenguaje sencillo","Personal"
"3","Las alertas de seguridad están desactivadas por defecto y no es fácil encontrar cómo activarlas. Cuando tuve un cargo fraudulento me enteré días después al revisar el extracto. Un banco que apuesta por la seguridad debería tener estas alertas activadas por defecto.","Alertas de seguridad desactivadas por defecto con difícil configuración","Canales"
"3","El horario del servicio telefónico es de 9:00 a 21:00. Si tienes una urgencia fuera de ese horario no puedes contactar con nadie. Para bloquear una tarjeta o reportar un fraude en fin de semana hay un número de emergencias pero no sirve para nada más. Muy limitado.","Horario de atención telefónica limitado sin cobertura para urgencias generales","Canales"
"9","El cashback del 3% en supermercados, gasolineras y restaurantes se aplica automáticamente sin activación manual. El mes pasado recuperé 80 euros solo con gastos habituales. Es un beneficio real y tangible que otros bancos no ofrecen con tanta sencillez.","Cashback automático aplicado correctamente en categorías de gasto cotidiano","Pricing"
"4","El horario del servicio telefónico es de 9:00 a 20:00. Si tienes una urgencia fuera de ese horario no puedes contactar con nadie. Para bloquear una tarjeta o reportar un fraude en fin de semana hay un número de emergencias pero no sirve para nada más. Muy limitado.","Horario de atención telefónica limitado sin cobertura para urgencias generales","Canales"
"8","Las transferencias inmediatas funcionan perfectamente 24 horas al día los trescientos sesenta y cinco días de la semana. El dinero llega en menos de treinta segundos. Sin límite de horario ni recargo adicional. Para operaciones urgentes es una funcionalidad imprescindible que este banco tiene perfectamente implementada.","Transferencias inmediatas disponibles 24/7 sin costes adicionales","Canales"
"10","Tuve una situación económica muy difícil y mi asesora me ayudó a reestructurar mis deudas sin juzgarme. Me propuso un plan realista y me fue acompañando durante todo el proceso. Gracias a su gestión pude superar una situación que parecía imposible. Le estaré siempre agradecido.","Asesora empática que gestionó reestructuración de deuda con éxito en momento difícil","Personal"
"4","El seguro de hogar tiene un sinfín de exclusiones que no me explicaron al contratarlo. Cuando intenté reclamar por una inundación me denegaron la cobertura por un tecnicismo. Además el precio sube cada año un 10% sin mejora aparente en las condiciones. Completamente decepcionante.","Exclusiones ocultas en seguro de hogar y aumento de precio sin mejora","Productos"
"4","La tarjeta de crédito tiene una cuota anual de 150 euros y los beneficios no justifican ese coste. El cashback es del 0.5% y los seguros de viaje tienen tantas exclusiones que son prácticamente inútiles. Pago por una tarjeta que no me aporta valor real.","Cuota anual de tarjeta no compensada por los beneficios reales que ofrece","Pricing"
"1","La cola en la oficina era de más de una hora el martes por la mañana con solo dos empleados para atender a más de treinta personas. El sistema de cita previa falla y no deja reservar. Es un servicio completamente colapsado que no funciona.","Colapso total en atención presencial de la sucursal sin cita previa funcional","Canales"
"7","Por tener la nómina y los recibos domiciliados recibo una bonificación de 200 euros al año. La condición es fácil de cumplir y la bonificación llega puntualmente cada año. Una forma honesta y simple de premiar la vinculación del cliente.","Bonificación por vinculación sencilla que el banco aplica con puntualidad","Pricing"
"2","La cola en la oficina era de más de hora y media hora el martes por la mañana con solo tres empleados para atender a más de veinticinco personas. El sistema de cita previa falla y no deja reservar. Es un servicio completamente colapsado que no funciona.","Colapso total en atención presencial de la sucursal sin cita previa funcional","Canales"
"2","El asesor comercial me presionó para contratar un producto de inversión que no necesitaba sin explicarme los riesgos. Fue evasivo con mis preguntas. Meses después el producto acumulaba pérdidas significativas. Cuando reclamé me dijo que yo había firmado el contrato. Una mala praxis comercial inaceptable.","Venta agresiva de producto inadecuado sin transparencia sobre riesgos reales","Personal"
"4","La tarjeta de crédito tiene una cuota anual de 150 euros y los beneficios no justifican ese coste. El cashback es del 0.3% y los seguros de viaje tienen tantas exclusiones que son prácticamente inútiles. Pago por una tarjeta que no me aporta valor real.","Cuota anual de tarjeta no compensada por los beneficios reales que ofrece","Pricing"
"2","Me aprobaron una línea de crédito de 15.000 euros pero con tantas condiciones que es casi imposible usarla: avales necesarios, revisión trimestral y posibilidad de cancelación unilateral por el banco. Más que un producto de financiación parece una trampa llena de restricciones.","Línea de crédito con condiciones restrictivas que dificultan su uso","Productos"
"3","El tipo de interés del crédito al consumo es del 17% TAE para un cliente sin incidencias. La competencia ofrece la mitad. Cuando lo intenté negociar me dijeron que era tarifa fija sin excepciones. Para financiación de consumo este banco no es una opción válida.","Tipo de interés en crédito al consumo muy elevado sin posibilidad de negociación","Pricing"
"3","La app no está optimizada para tablets. Los menús se ven cortados y muchos botones no responden. Tampoco funciona bien en el último sistema operativo iOS. Para una empresa bancaria que dice apostar por lo digital es una vergüenza tener una app tan mal adaptada.","App bancaria mal optimizada para tablets y versiones recientes de sistema operativo","Canales"
"6","El equipo comercial llama con demasiada frecuencia para ofrecer productos. En el último mes he recibido seis llamadas no solicitadas. Entiendo que hay objetivos comerciales pero la insistencia genera rechazo. Una política de contacto más moderada sería más efectiva.","Exceso de llamadas comerciales no solicitadas que genera rechazo en el cliente","Personal"
"9","Cuando tengo dudas sobre productos o normativa fiscal los empleados del banco siempre me dan información correcta y actualizada. Me parece que el banco invierte en formación continua de su plantilla. Eso se nota y se agradece cuando uno necesita asesoramiento de verdad.","Personal bien formado que da información correcta y actualizada sobre productos y fiscalidad","Personal"
"4","Cada vez que voy a la oficina o llamo me atiende una persona diferente y nadie conoce mi historial. Tengo que repetir siempre la misma información desde cero. Esta descoordinación interna hace la relación con el banco completamente impersonal y frustrante.","Descoordinación interna que obliga al cliente a repetir información en cada contacto","Personal"
"4","Los extractos de cuenta solo están disponibles online para los últimos seis meses. Para documentación más antigua hay que solicitarla en oficina con diez días de antelación y a veces cobran por ello. En plena era digital limitar el acceso al histórico es completamente injustificable.","Historial documental digital limitado con cobro por documentación antigua","Canales"
"10","Cuando llamé con una incidencia urgente el agente me atendió en cuatro minutos y resolvió el problema sin derivarme a ningún otro departamento. Fue empático, claro y eficiente. Este tipo de atención telefónica es lo que marca la diferencia respecto a la competencia.","Agente telefónico empático y resolutivo sin derivaciones en incidencia urgente","Personal"
"10","Este banco no cobra comisión de ningún tipo: ni por mantenimiento de cuenta, ni por transferencias nacionales, ni por usar cajeros propios o de otras entidades. Todo incluido sin condiciones ocultas. No esperaba encontrar un banco sin comisiones con tan buen servicio integral.","Cero comisiones en todos los servicios sin condiciones ocultas","Pricing"
"3","La cuenta de ahorro da un 0.05% de interés anual. Con la inflación actual es perder dinero en términos reales. Hay alternativas en el mercado que ofrecen 3% sin condiciones. Mantener aquí el ahorro es la peor decisión financiera posible.","Rentabilidad de cuenta ahorro por debajo de inflación y de alternativas del mercado","Pricing"
"3","La cuenta de ahorro da un 0.05% de interés anual. Con la inflación actual es perder dinero en términos reales. Hay alternativas en el mercado que ofrecen 4% sin condiciones. Mantener aquí el ahorro es la peor decisión financiera posible.","Rentabilidad de cuenta ahorro por debajo de inflación y de alternativas del mercado","Pricing"
"7","El cashback del 5% en supermercados, gasolineras y restaurantes se aplica automáticamente sin activación manual. El mes pasado recuperé 50 euros solo con gastos habituales. Es un beneficio real y tangible que otros bancos no ofrecen con tanta sencillez.","Cashback automático aplicado correctamente en categorías de gasto cotidiano","Pricing"
"3","El tipo de interés del préstamo personal que me ofrecieron era del 17% TAE. Para un cliente con buen historial crediticio es completamente injustificado. Otros bancos online me ofrecían la mitad. Cuando intenté negociarlo me dijeron que era la tarifa estándar sin excepciones.","Tipo de interés del préstamo personal no competitivo ni negociable","Productos"
"9","Mi gestor siempre me explica cada producto con claridad antes de contratarlo: ventajas, riesgos y alternativas. Nunca me ha presionado ni me ha hecho sentir ignorante. Gracias a su forma de trabajar confío plenamente en sus recomendaciones. Es el mayor activo que tiene el banco para mí.","Gestor que explica con claridad y sin presión antes de recomendar productos","Personal"
"9","Desde la app puedo retirar efectivo en cualquier cajero del banco sin tarjeta física usando solo el móvil. Genero un código QR y lo escaneo en el cajero. Es muy útil cuando olvido la cartera. Una funcionalidad práctica que no he visto en otros bancos.","Extracción de efectivo sin tarjeta mediante código QR desde app","Canales"
"8","Los cajeros del banco están distribuidos por toda la ciudad y rara vez están fuera de servicio. El proceso de operación es rápido e intuitivo. Además puedo hacer ingresos en efectivo en la mayoría de ellos. Un servicio de cajeros fiable y bien mantenido.","Buena disponibilidad y mantenimiento de la red de cajeros","Canales"
"8","Cuando llamé con una incidencia urgente me atendieron en menos de cuatro minutos. El agente fue directo y resolutivo. Solucionó el problema en la misma llamada sin derivarme a otro departamento. Una atención telefónica que raramente encuentro en otros bancos.","Atención telefónica rápida y resolutiva sin transferencias innecesarias","Canales"
"3","La app no está optimizada para tablets. Los menús se ven cortados y muchos botones no responden. Tampoco funciona bien en el último sistema operativo iOS. Para una empresa bancaria que dice apostar por lo digital es una vergüenza tener una app tan mal adaptada.","App bancaria mal optimizada para tablets y versiones recientes de sistema operativo","Canales"
"3","Los agentes del call center no tienen capacidad para tomar ninguna decisión autónoma. Todo lo derivan a la oficina o a otro departamento. Son incapaces de resolver nada por sí mismos. El canal telefónico existe pero no sirve para gestiones que requieran alguna resolución.","Agentes telefónicos sin autonomía para resolver incidencias de forma independiente","Personal"
"8","La posibilidad de hacer videollamadas con mi gestor desde casa es muy cómoda. La calidad de imagen y sonido es buena. Puedo firmar documentos digitalmente durante la llamada. Me ahorra desplazamientos para gestiones importantes. Es una funcionalidad que debería ser estándar en todos los bancos.","Satisfacción con videollamada con gestor para firma digital de documentos","Canales"
"7","Sin cajeros del banco cerca pude usar cualquier cajero de España sin comisión gracias a los acuerdos de la red. Esto es un gran valor cuando viajas por zonas rurales. Sin ese beneficio tendría que buscar cajeros específicos. Un ahorro real en el día a día.","Sin comisión en cajeros de red ampliada, beneficio tangible en movilidad","Pricing"
"1","El asesor comercial me presionó para contratar un producto de inversión que no necesitaba sin explicarme los riesgos. Fue evasivo con mis preguntas. Meses después el producto acumulaba pérdidas significativas. Cuando reclamé me dijo que yo había firmado el contrato. Una mala praxis comercial inaceptable.","Venta agresiva de producto inadecuado sin transparencia sobre riesgos reales","Personal"
"3","El Bizum del banco tiene un límite de 300 euros diarios muy restrictivo comparado con otros bancos. Además hay un máximo de cinco operaciones al día. Para alguien que usa Bizum para negocios pequeños estas limitaciones son un serio problema operativo.","Limitaciones excesivas de Bizum por importe y número de operaciones diarias","Canales"
"8","La cuenta de ahorro remunerada da un 2.5% anual sobre el saldo. Los intereses se abonan mensualmente y puedo retirar el dinero en cualquier momento sin penalización. Sin vinculaciones obligatorias. Es la mejor opción de ahorro líquido que he encontrado en la banca tradicional.","Satisfacción con cuenta ahorro remunerada líquida sin condiciones","Productos"
"2","Las comisiones de custodia de mi cartera de valores superan el 1.5% anual del patrimonio gestionado. Además cobran por cada operación de compraventa. Sumando todo, el banco se lleva más que los propios rendimientos del portfolio. Un coste completamente injustificado.","Comisiones de custodia de valores que superan los rendimientos del portfolio","Pricing"
"1","Me acaban de cobrar 6 euros por recibir una transferencia desde el extranjero. Esta comisión no aparece en el resumen de tarifas principal sino en un anexo de cuarenta páginas. Esta opacidad en los precios parece diseñada para que el cliente no se entere hasta que ya es tarde.","Comisión por transferencia recibida oculta en documentación extensa y difícil de encontrar","Pricing"
"7","El precio del seguro de coche que contraté a través del banco es quince% más barato que la renovación que me daba mi aseguradora anterior. La cobertura es equivalente o mejor. Con la comodidad de tenerlo domiciliado en la misma cuenta. Una compra claramente ganadora en precio.","Seguro de coche más económico que alternativa previa con cobertura equivalente","Pricing"
"3","El trato que recibí en la oficina fue condescendiente y poco profesional. El empleado me habló como si no entendiese nada de finanzas y respondió con impaciencia cuando pregunté. Me fui sintiéndome un cliente de segunda. Inaceptable en un banco que dice valorar a sus clientes.","Trato condescendiente e irrespetuoso por parte de empleado de sucursal","Personal"
"2","El fondo de inversión activo que me recomendaron ha perdido un 8% en dos años mientras el índice de referencia subía. Las comisiones de gestión superan el 1.5% anual. Me siento engañado por un producto que prometía rendimientos superiores al mercado y no ha cumplido.","Pérdidas en fondo activo con comisiones altas sin justificación de rendimiento","Productos"
"3","La página web del banco es lentísima. Para ver los movimientos del último mes tarda más de treinta segundos en cargar. Además falla constantemente en Chrome y Firefox. Cuando llamo para reportarlo me dicen que pruebe con otro navegador. Una solución inaceptable en pleno siglo XXI.","Web bancaria lenta y con errores en navegadores principales","Canales"
"1","El cajero de mi sucursal habitual lleva más de tres semanas fuera de servicio. El siguiente más cercano está a tres kilómetros. He llamado varias veces para reportarlo y nadie lo repara. Para los clientes mayores que dependen del efectivo es una situación completamente inadmisible.","Cajero averiado sin reparar durante semanas con impacto en clientes dependientes de efectivo","Canales"
"3","La app no está optimizada para tablets. Los menús se ven cortados y muchos botones no responden. Tampoco funciona bien en el último sistema operativo iOS. Para una empresa bancaria que dice apostar por lo digital es una vergüenza tener una app tan mal adaptada.","App bancaria mal optimizada para tablets y versiones recientes de sistema operativo","Canales"
"5","El equipo comercial llama con demasiada frecuencia para ofrecer productos. En el último mes he recibido cinco llamadas no solicitadas. Entiendo que hay objetivos comerciales pero la insistencia genera rechazo. Una política de contacto más moderada sería más efectiva.","Exceso de llamadas comerciales no solicitadas que genera rechazo en el cliente","Personal"
"4","La web no está adaptada para móvil. Los botones son minúsculos y se superponen unos sobre otros. Los PDFs de los extractos no se abren desde el navegador del móvil. Si no tengo ordenador cerca es prácticamente imposible hacer ciertas gestiones.","Web bancaria no adaptada para uso en dispositivos móviles","Canales"
"3","El tipo de interés del crédito al consumo es del 19% TAE para un cliente sin incidencias. La competencia ofrece la mitad. Cuando lo intenté negociar me dijeron que era tarifa fija sin excepciones. Para financiación de consumo este banco no es una opción válida.","Tipo de interés en crédito al consumo muy elevado sin posibilidad de negociación","Pricing"
"10","Cuando presenté una reclamación formal me llamaron en menos de 48 horas para darme respuesta. La persona fue empática y resolvió el problema de forma justa devolviendo el importe en el acto. Una gestión de reclamaciones que genera confianza y fidelidad.","Resolución rápida y justa de reclamación con devolución inmediata","Personal"
"2","La cuenta nómina que me ofrecieron tiene tantas condiciones de vinculación que es imposible cumplirlas todas: nómina mínima de 2.500 euros, cinco recibos domiciliados, tarjeta de crédito activa y seguro contratado. Si no cumples todo te cobran comisión. Es una trampa para cobrar comisiones camuflada.","Condiciones de exención en cuenta nómina imposibles de cumplir para la mayoría","Productos"
"4","Es imposible contactar con mi gestor asignado. No coge el teléfono, no responde emails y cuando llamo a la oficina siempre está ocupado. Para cualquier gestión tengo que ir en persona porque el canal directo con mi gestor está completamente roto.","Inaccesibilidad total del gestor asignado por todos los canales disponibles","Personal"
"1","La oficina solo abre de lunes a viernes de 9:00 a 14:00. Para alguien que trabaja en esas horas es imposible ir. No tienen horario de tarde ni sábados. La única alternativa es pedir cita con semanas de antelación. El banco no se ha adaptado a los horarios reales de la vida laboral.","Horario de sucursal incompatible con jornada laboral sin alternativa de tarde o sábado","Canales"
"1","El trato que recibí en la oficina fue condescendiente y poco profesional. El empleado me habló como si no entendiese nada de finanzas y respondió con impaciencia cuando pregunté. Me fui sintiéndome un cliente de segunda. Inaceptable en un banco que dice valorar a sus clientes.","Trato condescendiente e irrespetuoso por parte de empleado de sucursal","Personal"
"2","La cuenta de ahorro da un 0.05% de interés anual. Con la inflación actual es perder dinero en términos reales. Hay alternativas en el mercado que ofrecen 4% sin condiciones. Mantener aquí el ahorro es la peor decisión financiera posible.","Rentabilidad de cuenta ahorro por debajo de inflación y de alternativas del mercado","Pricing"
"1","Las comisiones de gestión del fondo de inversión activo que contraté superan el 2.2% anual. Con esa carga el fondo debe batir al mercado solo para empatar. En la práctica raramente lo consigue. Estoy pagando mucho por un rendimiento que podría obtener gratis con un indexado.","Comisiones de fondo activo que anulan cualquier posibilidad de rendimiento superior","Pricing"
"10","La tarjeta de crédito no tiene cuota anual y tampoco cobra por operaciones en moneda extranjera. En mis tres viajes de este año no he pagado un solo euro en comisiones por cambio de divisa. Para alguien que viaja habitualmente es una tarjeta con un precio imbatible.","Tarjeta sin comisión anual ni por divisa ideal para clientes viajeros frecuentes","Pricing"
"1","Cuando quise cancelar el préstamo hipotecario anticipadamente me cobraron una penalización del 2% sobre el capital pendiente que nadie me había explicado al contratar. En letra pequeña de un contrato de sesenta páginas. Me costó 4.000 euros que no tenía previstos.","Penalización hipotecaria no informada al contratar descubierta en letra pequeña","Pricing"
"8","Desde la app puedo contratar productos, hacer reclamaciones, firmar documentos y contactar con mi gestor por videollamada. Llevo dieciocho meses sin necesitar ir a la sucursal para nada. La digitalización del banco es genuina y no solo cosmética.","App completa que permite gestión íntegra sin visitar sucursal","Canales"
"10","Mi gestor personal se adelanta siempre a mis necesidades. Antes de que yo lo piense me llama para ofrecerme soluciones. Llevo ocho años con él y ha gestionado perfectamente momentos complejos como la compra de mi casa o la planificación de mi jubilación. Un profesional excepcional.","Gestor proactivo que anticipa necesidades del cliente con relación de largo plazo","Personal"
"8","El crédito al consumo lo aprobaron en cinco minutos de forma completamente online. Sin papeleo, sin ir a la oficina. El tipo fue razonable y las condiciones claras desde el principio. Para una compra importante es una alternativa cómoda y sin sorpresas.","Crédito al consumo aprobado digitalmente con rapidez y condiciones claras","Productos"
"3","La app no está optimizada para tablets. Los menús se ven cortados y muchos botones no responden. Tampoco funciona bien en el último sistema operativo iOS. Para una empresa bancaria que dice apostar por lo digital es una vergüenza tener una app tan mal adaptada.","App bancaria mal optimizada para tablets y versiones recientes de sistema operativo","Canales"
"6","La tarjeta débito contactless funciona en todos los comercios y en el transporte público. Las notificaciones son instantáneas y me ayudan a controlar el gasto diario. El único punto de mejora sería poder generar números de tarjeta virtuales para compras online.","Satisfacción con tarjeta débito contactless con sugerencia de mejora","Productos"
"4","La cuenta de ahorro da un 0.1% de interés anual. Con la inflación actual es perder dinero en términos reales. Hay alternativas en el mercado que ofrecen 2.5% sin condiciones. Mantener aquí el ahorro es la peor decisión financiera posible.","Rentabilidad de cuenta ahorro por debajo de inflación y de alternativas del mercado","Pricing"
"9","El servicio de banca privada es excepcional. Mi asesor dedica tiempo real a conocer mis objetivos y personales. Las reuniones de seguimiento son frecuentes y productivas. Me siento completamente acompañado en cada decisión financiera importante. Justifica ampliamente lo que cuesta.","Excelente servicio de banca privada con asesoramiento personalizado profundo","Personal"
"9","La tarjeta de crédito funciona perfectamente en el extranjero sin comisión por cambio de divisa. La puedo congelar y descongelar desde la app en segundos. El límite es adecuado a mis necesidades y puedo ampliarlo de forma temporal. Una tarjeta sin complicaciones ni sorpresas.","Tarjeta de crédito sin comisiones por divisa y gestión ágil desde app","Productos"
"10","Cuando presenté una reclamación formal me llamaron en menos de 48 horas para darme respuesta. La persona fue empática y resolvió el problema de forma justa devolviendo el importe en el acto. Una gestión de reclamaciones que genera confianza y fidelidad.","Resolución rápida y justa de reclamación con devolución inmediata","Personal"
"5","Las comisiones del banco están en la media del mercado. Ni muy baratas ni muy caras. Los precios están documentados en la web aunque hay que buscarlos un poco. No tengo quejas pero tampoco motivos para recomendarlos especialmente por precio frente a alternativas más económicas.","Estructura de precios media del mercado sin ventajas ni desventajas competitivas claras","Pricing"
"6","El Bizum funciona bien para pagos básicos entre contactos. El límite de 2.000 euros por operación cubre la mayoría de mis necesidades. Solo echo de menos poder programar Bizums recurrentes para pagos fijos mensuales. En general una funcionalidad bien integrada.","Satisfacción con Bizum con sugerencia de mejora para pagos recurrentes","Canales"
"8","La cuenta de ahorro da un 3% TAE sin vinculaciones obligatorias ni plazos mínimos. El dinero está disponible en cualquier momento. Con la inflación controlándose es una buena opción para el ahorro a corto plazo. El mejor tipo que he encontrado en banca tradicional.","Cuenta ahorro con tipo competitivo y disponibilidad inmediata sin condiciones","Pricing"
"3","La oficina solo abre de lunes a viernes de 9:00 a 14:00. Para alguien que trabaja en esas horas es imposible ir. No tienen horario de tarde ni sábados. La única alternativa es pedir cita con semanas de antelación. El banco no se ha adaptado a los horarios reales de la vida laboral.","Horario de sucursal incompatible con jornada laboral sin alternativa de tarde o sábado","Canales"
"3","Cobran comisión por hacer una transferencia SEPA dentro de la Unión Europea. Esto lleva años siendo contrario a la normativa europea. Ellos la envuelven como gasto de gestión pero es lo mismo. Una práctica que perjudica al cliente y que debería estar prohibida.","Cobro encubierto por transferencia SEPA contrario a regulación europea","Pricing"
"2","La cuenta de ahorro da un 0.1% de interés anual. Con la inflación actual es perder dinero en términos reales. Hay alternativas en el mercado que ofrecen 4% sin condiciones. Mantener aquí el ahorro es la peor decisión financiera posible.","Rentabilidad de cuenta ahorro por debajo de inflación y de alternativas del mercado","Pricing"
"2","Me prometieron un tipo fijo del 3.1% y al firmar era el 3.4%. Nadie me avisó del cambio. Cuando reclamé me dijeron que había sido un error administrativo y que ya no podían modificarlo. Firmé bajo presión porque ya tenía fecha de notaría. Me siento completamente engañado.","Modificación de tipo hipotecario sin previo aviso al momento de la firma","Productos"
"7","La tarjeta débito contactless funciona en todos los comercios y en el transporte público. Las notificaciones son instantáneas y me ayudan a controlar el gasto diario. El único punto de mejora sería poder generar números de tarjeta virtuales para compras online.","Satisfacción con tarjeta débito contactless con sugerencia de mejora","Productos"
"3","El depósito a plazo que contraté al 3.5% al vencimiento había aplicado el interés sobre el saldo neto de comisiones de cuenta. La rentabilidad real fue del 3.1%. Una forma opaca de reducir el tipo efectivo que no se explica en la publicidad del producto.","Rentabilidad real del depósito reducida por comisiones de cuenta no comunicadas","Pricing"
"6","El equipo comercial llama con demasiada frecuencia para ofrecer productos. En el último mes he recibido seis llamadas no solicitadas. Entiendo que hay objetivos comerciales pero la insistencia genera rechazo. Una política de contacto más moderada sería más efectiva.","Exceso de llamadas comerciales no solicitadas que genera rechazo en el cliente","Personal"
"9","Sin cajeros del propio banco en el extranjero puedo sacar efectivo en cualquier cajero de Europa sin comisión gracias a mi tarjeta. En ocho países diferentes nunca he pagado nada extra. Para un viajero frecuente es un beneficio en precios que marca la diferencia.","Sin comisión por retirada en cajeros europeos para clientes viajeros","Pricing"
"10","Cuando presenté una reclamación formal me llamaron en menos de 24 horas para darme respuesta. La persona fue empática y resolvió el problema de forma justa devolviendo el importe en el acto. Una gestión de reclamaciones que genera confianza y fidelidad.","Resolución rápida y justa de reclamación con devolución inmediata","Personal"
"8","La cuenta nómina no tiene comisión de mantenimiento con solo domiciliar la nómina. Una condición muy sencilla que me da acceso a tarjeta de débito gratuita y transferencias sin coste. La mejor relación precio-valor que he encontrado en la banca tradicional.","Cuenta nómina sin comisión con condición de domiciliación sencilla y alcanzable","Pricing"
"9","Los cajeros del banco están distribuidos por toda la ciudad y rara vez están fuera de servicio. El proceso de operación es rápido e intuitivo. Además puedo hacer ingresos en efectivo en la mayoría de ellos. Un servicio de cajeros fiable y bien mantenido.","Buena disponibilidad y mantenimiento de la red de cajeros","Canales"
"10","Cuando presenté una reclamación formal me llamaron en menos de 36 horas para darme respuesta. La persona fue empática y resolvió el problema de forma justa devolviendo el importe en el acto. Una gestión de reclamaciones que genera confianza y fidelidad.","Resolución rápida y justa de reclamación con devolución inmediata","Personal"
"7","Los cajeros del banco están distribuidos por toda la ciudad y rara vez están fuera de servicio. El proceso de operación es rápido e intuitivo. Además puedo hacer ingresos en efectivo en la mayoría de ellos. Un servicio de cajeros fiable y bien mantenido.","Buena disponibilidad y mantenimiento de la red de cajeros","Canales"
"6","El pago con el móvil funciona en la mayoría de comercios pero he tenido algunos problemas en gasolineras y parking automáticos. El proceso de configuración inicial fue algo complejo. Una vez configurado es cómodo para el día a día aunque con margen de mejora en compatibilidad.","Pago por móvil funcional con problemas de compatibilidad en algunos terminales","Canales"
"2","El director de la oficina fue muy brusco cuando presenté una reclamación formal. Me interrumpió varias veces y minimizó mi problema. Al final me remitió a enviar un email sin resolver nada. Me fui de la oficina sintiéndome humillado y sin solución.","Trato irrespetuoso del director de oficina ante reclamación formal del cliente","Personal"
"5","El sistema de cita previa online falla constantemente. A veces te confirma la cita pero no aparece en el sistema cuando llegas. He llegado con cita reservada tres veces y me han dicho que no constaba. Un sistema de gestión de citas completamente poco fiable.","Sistema de cita previa con fallos que invalidan reservas confirmadas","Canales"
"2","Me cobraron intereses de demora del 30% por retrasar el pago cinco días. Un porcentaje abusivo que no me explicaron al contratar la tarjeta. Además lo aplicaron sobre el total de la deuda y no solo sobre el importe vencido. Una práctica financiera que roza la usura.","Intereses de demora abusivos aplicados incorrectamente en tarjeta de crédito","Productos"
"9","Cuando presenté una reclamación formal me llamaron en menos de 48 horas para darme respuesta. La persona fue empática y resolvió el problema de forma justa devolviendo el importe en el acto. Una gestión de reclamaciones que genera confianza y fidelidad.","Resolución rápida y justa de reclamación con devolución inmediata","Personal"
"10","Cuando presenté una reclamación formal me llamaron en menos de 36 horas para darme respuesta. La persona fue empática y resolvió el problema de forma justa devolviendo el importe en el acto. Una gestión de reclamaciones que genera confianza y fidelidad.","Resolución rápida y justa de reclamación con devolución inmediata","Personal"
"10","La app móvil es increíblemente rápida e intuitiva. En menos de veinte segundos puedo hacer cualquier gestión: transferencias, inversiones, consultar movimientos o hablar con mi gestor. El diseño es moderno y nunca se cuelga. Es la mejor aplicación bancaria que he usado.","Excelente experiencia de uso de la app móvil en velocidad y diseño","Canales"
"10","Mi gestor personal se adelanta siempre a mis necesidades. Antes de que yo lo piense me llama para ofrecerme soluciones. Llevo diez años con él y ha gestionado perfectamente momentos complejos como la compra de mi casa o la planificación de mi jubilación. Un profesional excepcional.","Gestor proactivo que anticipa necesidades del cliente con relación de largo plazo","Personal"
"9","La tarjeta de crédito no tiene cuota anual y tampoco cobra por operaciones en moneda extranjera. En mis cinco viajes de este año no he pagado un solo euro en comisiones por cambio de divisa. Para alguien que viaja habitualmente es una tarjeta con un precio imbatible.","Tarjeta sin comisión anual ni por divisa ideal para clientes viajeros frecuentes","Pricing"
"5","Cada vez que voy a la oficina o llamo me atiende una persona diferente y nadie conoce mi historial. Tengo que repetir siempre la misma información desde cero. Esta descoordinación interna hace la relación con el banco completamente impersonal y frustrante.","Descoordinación interna que obliga al cliente a repetir información en cada contacto","Personal"
"9","La gama de ETFs disponibles es amplia: mercados desarrollados, emergentes, sectoriales y temáticos. Las comisiones de compraventa son de 0.15% sin mínimo por operación. Puedo operar directamente desde la app. Para un inversor pasivo es la mejor plataforma que he encontrado en banca tradicional.","Buena oferta de ETFs con comisiones competitivas y acceso desde app","Productos"
"3","El seguro de vida vinculado a la hipoteca me cuesta 90 euros al mes. Comparado con el mismo seguro en una aseguradora externa me cobran el doble. La razón es que el banco tiene margen sobre el seguro vinculado. Un precio abusivo aprovechando la posición de dominio.","Prima de seguro de vida vinculado a hipoteca muy superior al precio de mercado","Pricing"
"9","La tarjeta de crédito no tiene cuota anual y tampoco cobra por operaciones en moneda extranjera. En mis cuatro viajes de este año no he pagado un solo euro en comisiones por cambio de divisa. Para alguien que viaja habitualmente es una tarjeta con un precio imbatible.","Tarjeta sin comisión anual ni por divisa ideal para clientes viajeros frecuentes","Pricing"
"4","El seguro de vida vinculado a la hipoteca me cuesta 100 euros al mes. Comparado con el mismo seguro en una aseguradora externa me cobran el doble. La razón es que el banco tiene margen sobre el seguro vinculado. Un precio abusivo aprovechando la posición de dominio.","Prima de seguro de vida vinculado a hipoteca muy superior al precio de mercado","Pricing"
"9","La línea de crédito para mi empresa es muy flexible: solo pago intereses sobre el importe que uso, no sobre el total disponible. Puedo disponer y devolver cuando quiero. El tipo es competitivo para el mercado actual. Es el producto de financiación más útil que tengo contratado.","Satisfacción con flexibilidad y coste de línea de crédito empresarial","Productos"
"6","El precio del seguro de hogar es razonable para la cobertura que ofrece. He comparado con cinco aseguradoras y el banco está en la media del mercado pero con la ventaja de tenerlo todo centralizado. Sin vinculaciones obligatorias. Una opción equilibrada en precio.","Precio de seguro de hogar competitivo con ventaja de centralización sin vinculaciones","Pricing"
"3","La cuenta empresarial tiene un límite de 3.000 euros diarios para transferencias que es insuficiente para mi negocio. Los pagos internacionales requieren solicitud previa con dos días de antelación. Las comisiones son elevadas. Para una pyme es un producto completamente inadecuado.","Cuenta empresarial con límites operativos y comisiones inadecuadas para pymes","Productos"
"2","El director de la oficina fue muy brusco cuando presenté una reclamación formal. Me interrumpió varias veces y minimizó mi problema. Al final me remitió a enviar un email sin resolver nada. Me fui de la oficina sintiéndome humillado y sin solución.","Trato irrespetuoso del director de oficina ante reclamación formal del cliente","Personal"
"1","Me prometieron un tipo fijo del 3.1% y al firmar era el 3.4%. Nadie me avisó del cambio. Cuando reclamé me dijeron que había sido un error administrativo y que ya no podían modificarlo. Firmé bajo presión porque ya tenía fecha de notaría. Me siento completamente engañado.","Modificación de tipo hipotecario sin previo aviso al momento de la firma","Productos"
"4","El chatbot no entiende preguntas complejas. Responde siempre con respuestas genéricas que no se adaptan a mi situación. Cuando insisto me manda a un FAQ que tampoco resuelve mi duda. Al final tengo que llamar o ir a la oficina de todas formas. Un asistente inútil.","Chatbot incapaz de resolver consultas específicas y no genéricas","Canales"
"9","El banco tiene un servicio de acompañamiento para clientes mayores muy bien implementado. Cuando acompañé a mi padre, el gestor le explicó todo con paciencia, en términos sencillos y sin prisa. Es un ejemplo de cómo debería ser la atención a un colectivo vulnerable.","Excelente atención personalizada a clientes mayores con paciencia y lenguaje sencillo","Personal"
"5","Los empleados de ventanilla son amables y el ambiente es tranquilo. Sin embargo las colas son largas y los procesos lentos. Para operaciones sencillas como ingresar un cheque tardé más de veinte minutos. El trato es bueno pero la eficiencia operativa es mejorable.","Buen trato en ventanilla pero procesos lentos con colas largas","Personal"
"3","Es imposible contactar con mi gestor asignado. No coge el teléfono, no responde emails y cuando llamo a la oficina siempre está ocupado. Para cualquier gestión tengo que ir en persona porque el canal directo con mi gestor está completamente roto.","Inaccesibilidad total del gestor asignado por todos los canales disponibles","Personal"
"2","El seguro de vida vinculado a la hipoteca me cuesta 120 euros al mes. Comparado con el mismo seguro en una aseguradora externa me cobran el doble. La razón es que el banco tiene margen sobre el seguro vinculado. Un precio abusivo aprovechando la posición de dominio.","Prima de seguro de vida vinculado a hipoteca muy superior al precio de mercado","Pricing"
"7","La oficina está bien ubicada en el centro con aparcamiento cercano. Los jueves tienen horario de tarde hasta las 18:00, lo cual es muy útil si trabajas. La sala de espera es cómoda. Podría mejorar el tiempo medio de espera pero en general es accesible.","Buena accesibilidad y ubicación de sucursal con horario de tarde","Canales"
"2","El agente telefónico que me atendió cuando denuncié un cargo fraudulento no supo cómo gestionar la incidencia. Me transfirió cinco veces a distintos departamentos. Ninguno tomó medidas. Tardé siete días en recuperar el dinero. La gestión telefónica del fraude es deficiente.","Gestión deficiente de fraude por agentes sin capacitación ni coordinación","Personal"
"2","El director de la oficina fue muy brusco cuando presenté una reclamación formal. Me interrumpió varias veces y minimizó mi problema. Al final me remitió a enviar un email sin resolver nada. Me fui de la oficina sintiéndome humillado y sin solución.","Trato irrespetuoso del director de oficina ante reclamación formal del cliente","Personal"
"2","Me acaban de cobrar 6 euros por recibir una transferencia desde el extranjero. Esta comisión no aparece en el resumen de tarifas principal sino en un anexo de cuarenta páginas. Esta opacidad en los precios parece diseñada para que el cliente no se entere hasta que ya es tarde.","Comisión por transferencia recibida oculta en documentación extensa y difícil de encontrar","Pricing"
"9","Sin cajeros del propio banco en el extranjero puedo sacar efectivo en cualquier cajero de Europa sin comisión gracias a mi tarjeta. En cinco países diferentes nunca he pagado nada extra. Para un viajero frecuente es un beneficio en precios que marca la diferencia.","Sin comisión por retirada en cajeros europeos para clientes viajeros","Pricing"
"8","La gama de ETFs disponibles es amplia: mercados desarrollados, emergentes, sectoriales y temáticos. Las comisiones de compraventa son de 0.2% sin mínimo por operación. Puedo operar directamente desde la app. Para un inversor pasivo es la mejor plataforma que he encontrado en banca tradicional.","Buena oferta de ETFs con comisiones competitivas y acceso desde app","Productos"
"10","La hipoteca a tipo fijo que firmé tiene unas condiciones inmejorables: sin comisión de apertura, sin penalización por amortizaciones anticipadas y con un tipo del 3.1%. Comparé con seis bancos y este fue claramente el más competitivo. El proceso fue transparente de principio a fin.","Satisfacción con condiciones competitivas de hipoteca fija","Productos"
"2","El seguro de vida vinculado a la hipoteca me cuesta 100 euros al mes. Comparado con el mismo seguro en una aseguradora externa me cobran el doble. La razón es que el banco tiene margen sobre el seguro vinculado. Un precio abusivo aprovechando la posición de dominio.","Prima de seguro de vida vinculado a hipoteca muy superior al precio de mercado","Pricing"
"10","La cuenta de ahorro da un 4% TAE sin vinculaciones obligatorias ni plazos mínimos. El dinero está disponible en cualquier momento. Con la inflación controlándose es una buena opción para el ahorro a corto plazo. El mejor tipo que he encontrado en banca tradicional.","Cuenta ahorro con tipo competitivo y disponibilidad inmediata sin condiciones","Pricing"
"2","El fondo de inversión activo que me recomendaron ha perdido un 12% en dos años mientras el índice de referencia subía. Las comisiones de gestión superan el 2.2% anual. Me siento engañado por un producto que prometía rendimientos superiores al mercado y no ha cumplido.","Pérdidas en fondo activo con comisiones altas sin justificación de rendimiento","Productos"
"2","Las comisiones de gestión del fondo de inversión activo que contraté superan el 2.2% anual. Con esa carga el fondo debe batir al mercado solo para empatar. En la práctica raramente lo consigue. Estoy pagando mucho por un rendimiento que podría obtener gratis con un indexado.","Comisiones de fondo activo que anulan cualquier posibilidad de rendimiento superior","Pricing"
"7","El pago con el móvil funciona en la mayoría de comercios pero he tenido algunos problemas en gasolineras y parking automáticos. El proceso de configuración inicial fue algo complejo. Una vez configurado es cómodo para el día a día aunque con margen de mejora en compatibilidad.","Pago por móvil funcional con problemas de compatibilidad en algunos terminales","Canales"
"4","Tienen una selección razonable de ETFs de mercados desarrollados pero escasa en emergentes y alternativos. Las comisiones son aceptables aunque no las más bajas del mercado. La plataforma de negociación es funcional pero poco visual. Cumple para el inversor básico pero no para perfiles avanzados.","Oferta de ETFs correcta pero limitada para inversores con perfil avanzado","Productos"
"2","Me acaban de cobrar 6 euros por recibir una transferencia desde el extranjero. Esta comisión no aparece en el resumen de tarifas principal sino en un anexo de cuarenta páginas. Esta opacidad en los precios parece diseñada para que el cliente no se entere hasta que ya es tarde.","Comisión por transferencia recibida oculta en documentación extensa y difícil de encontrar","Pricing"
"10","Sin cajeros del propio banco en el extranjero puedo sacar efectivo en cualquier cajero de Europa sin comisión gracias a mi tarjeta. En ocho países diferentes nunca he pagado nada extra. Para un viajero frecuente es un beneficio en precios que marca la diferencia.","Sin comisión por retirada en cajeros europeos para clientes viajeros","Pricing"
"2","La app me bloqueó la cuenta sin motivo aparente justo antes de un viaje importante. No pude operar durante cuatro días. El proceso de desbloqueo requirió ir a la oficina con documentación original. Nadie me explicó por qué se bloqueó. Un sistema de seguridad que penaliza al cliente legítimo.","Bloqueo injustificado de cuenta por la app en momento crítico sin explicación","Canales"
"8","El Bizum funciona bien para pagos básicos entre contactos. El límite de 1.000 euros por operación cubre la mayoría de mis necesidades. Solo echo de menos poder programar Bizums recurrentes para pagos fijos mensuales. En general una funcionalidad bien integrada.","Satisfacción con Bizum con sugerencia de mejora para pagos recurrentes","Canales"
"7","El Bizum funciona bien para pagos básicos entre contactos. El límite de 1.000 euros por operación cubre la mayoría de mis necesidades. Solo echo de menos poder programar Bizums recurrentes para pagos fijos mensuales. En general una funcionalidad bien integrada.","Satisfacción con Bizum con sugerencia de mejora para pagos recurrentes","Canales"
"3","El tipo de interés del préstamo personal que me ofrecieron era del 18% TAE. Para un cliente con buen historial crediticio es completamente injustificado. Otros bancos online me ofrecían la mitad. Cuando intenté negociarlo me dijeron que era la tarifa estándar sin excepciones.","Tipo de interés del préstamo personal no competitivo ni negociable","Productos"
"6","Las comisiones del banco están en la media del mercado. Ni muy baratas ni muy caras. Los precios están documentados en la web aunque hay que buscarlos un poco. No tengo quejas pero tampoco motivos para recomendarlos especialmente por precio frente a alternativas más económicas.","Estructura de precios media del mercado sin ventajas ni desventajas competitivas claras","Pricing"
"3","El Bizum del banco tiene un límite de 300 euros diarios muy restrictivo comparado con otros bancos. Además hay un máximo de ocho operaciones al día. Para alguien que usa Bizum para negocios pequeños estas limitaciones son un serio problema operativo.","Limitaciones excesivas de Bizum por importe y número de operaciones diarias","Canales"
"3","La oficina solo abre de lunes a viernes de 9:00 a 13:30. Para alguien que trabaja en esas horas es imposible ir. No tienen horario de tarde ni sábados. La única alternativa es pedir cita con semanas de antelación. El banco no se ha adaptado a los horarios reales de la vida laboral.","Horario de sucursal incompatible con jornada laboral sin alternativa de tarde o sábado","Canales"
"2","El seguro de vida vinculado a la hipoteca me cuesta 80 euros al mes. Comparado con el mismo seguro en una aseguradora externa me cobran el doble. La razón es que el banco tiene margen sobre el seguro vinculado. Un precio abusivo aprovechando la posición de dominio.","Prima de seguro de vida vinculado a hipoteca muy superior al precio de mercado","Pricing"
"10","Mi gestor personal se adelanta siempre a mis necesidades. Antes de que yo lo piense me llama para ofrecerme soluciones. Llevo cinco años con él y ha gestionado perfectamente momentos complejos como la compra de mi casa o la planificación de mi jubilación. Un profesional excepcional.","Gestor proactivo que anticipa necesidades del cliente con relación de largo plazo","Personal"
"5","Las comisiones del banco están en la media del mercado. Ni muy baratas ni muy caras. Los precios están documentados en la web aunque hay que buscarlos un poco. No tengo quejas pero tampoco motivos para recomendarlos especialmente por precio frente a alternativas más económicas.","Estructura de precios media del mercado sin ventajas ni desventajas competitivas claras","Pricing"
"10","Este banco no cobra comisión de ningún tipo: ni por mantenimiento de cuenta, ni por transferencias nacionales, ni por usar cajeros propios o de otras entidades. Todo incluido sin condiciones ocultas. No esperaba encontrar un banco sin comisiones con tan buen servicio integral.","Cero comisiones en todos los servicios sin condiciones ocultas","Pricing"
"10","El préstamo personal se resolvió en menos de 48 horas desde la solicitud online. Las condiciones eran exactamente las del simulador. Sin seguros vinculados obligatorios y con posibilidad de amortización anticipada sin coste. Para una urgencia económica es la solución perfecta.","Préstamo personal aprobado en tiempo récord sin condiciones abusivas","Productos"
"2","Al intentar hacer una transferencia urgente de 2.000 euros la plataforma online me la bloqueó sin explicación. Tardé dos días en desbloquearla. Tuve que ir a la oficina con documentación. La incidencia me generó problemas graves con el receptor del pago. Inaceptable.","Bloqueo injustificado de transferencia urgente con proceso de desbloqueo presencial","Canales"
"9","La tarjeta de débito funciona perfectamente en sesenta países sin comisión. Tengo notificaciones instantáneas de cada pago, puedo bloquearla desde la app en segundos y gestionar el límite diario yo mismo. Es la tarjeta más completa que he tenido en todos mis años como cliente bancario.","Tarjeta débito internacional completa con control total desde app","Productos"
"4","Los empleados de ventanilla son amables y el ambiente es tranquilo. Sin embargo las colas son largas y los procesos lentos. Para operaciones sencillas como ingresar un cheque tardé más de veinte minutos. El trato es bueno pero la eficiencia operativa es mejorable.","Buen trato en ventanilla pero procesos lentos con colas largas","Personal"
